# Blender 5.0.0
# www.blender.org
mtllib DestructibleWall.mtl
g SM_Env_Wall_Interior_Ground_01_cell.003_SM_Env_Wall_Interior_Ground_01_cell.029
v 3.545269 3.000000 0.029464
v 3.329150 2.766225 0.163605
v 3.669837 3.000000 0.057309
v 3.378618 3.000000 0.150000
v 3.355980 2.970813 0.163605
v 3.767301 2.891756 0.163605
v 3.700606 3.000000 0.150000
v 3.721888 2.970813 0.163605
v 3.545269 3.000000 0.029464
v 3.669837 3.000000 0.057309
v 3.378618 3.000000 0.150000
v 3.700606 3.000000 0.150000
v 3.355980 2.970813 0.163605
v 3.378618 3.000000 0.150000
v 3.721888 2.970813 0.163605
v 3.700606 3.000000 0.150000
v 3.329150 2.766225 0.163605
v 3.767301 2.891756 0.163605
v 3.355980 2.970813 0.163605
v 3.721888 2.970813 0.163605
vn 0.1736 -0.6060 -0.7763
vn -0.5843 0.0766 -0.8079
vn 0.8333 0.4787 -0.2766
vn -0.0000 1.0000 -0.0000
vn -0.0000 0.4225 0.9064
vn -0.0000 -0.0000 1.0000
vt 0.771052 0.296057
vt 0.788667 0.288057
vt 0.788667 0.348711
vt 0.766435 0.311861
vt 0.760534 0.333762
vt 0.763463 0.337792
vt 0.354392 0.145752
vt 0.363283 0.153836
vt 0.361839 0.157999
vt 0.354392 0.166060
vt 0.081477 0.697595
vt 0.069148 0.693519
vt 0.065444 0.676946
vt 0.081477 0.654742
vt 0.316163 0.516134
vt 0.316163 0.473257
vt 0.320088 0.470232
vt 0.320088 0.518957
vt 0.371244 0.913424
vt 0.383028 0.916341
vt 0.396445 0.963182
vt 0.371244 0.974113
s 0
usemtl DestructibleWall
f 3/1/1 6/2/1 2/3/1 1/4/1
f 4/5/2 1/4/2 2/3/2 5/6/2
f 3/7/3 7/8/3 8/9/3 6/10/3
s 1
f 12/11/4 10/12/4 9/13/4 11/14/4
f 16/15/5 14/16/5 13/17/5 15/18/5
f 18/19/6 20/20/6 19/21/6 17/22/6
g SM_Env_Wall_Interior_Ground_01_cell.013_SM_Env_Wall_Interior_Ground_01_cell.039
v 0.229231 2.715872 0.157774
v 0.019920 2.715872 0.157774
v 0.249311 2.737678 0.150000
v 0.000008 2.737678 0.150000
v 0.000008 3.000000 0.150000
v 0.461874 3.000000 0.150000
v 0.000004 2.970813 0.163605
v 0.434317 2.970813 0.163605
v 0.000004 3.000000 0.000000
v 0.000004 2.494716 0.000000
v 0.000008 3.000000 0.150000
v 0.000004 2.970813 0.163605
v 0.000004 2.758131 0.163605
v 0.000008 2.737678 0.150000
v 0.000008 2.537116 0.150000
v 0.019920 2.715872 0.157774
v 0.019920 2.553148 0.157774
v 0.000008 2.737678 0.150000
v 0.000008 2.537116 0.150000
v 0.012462 2.547113 0.154862
v 0.179141 2.618727 0.000000
v 0.000004 2.494716 0.000000
v 0.224449 2.650301 0.000000
v 0.280196 2.719001 0.000000
v 0.506490 3.000000 0.000000
v 0.000004 3.000000 0.000000
v 0.197746 2.677072 0.157774
v 0.019920 2.553148 0.157774
v 0.229231 2.715872 0.157774
v 0.019920 2.715872 0.157774
v 0.506490 3.000000 0.000000
v 0.461874 3.000000 0.150000
v 0.000004 3.000000 0.000000
v 0.000008 3.000000 0.150000
v 0.261732 2.758131 0.163605
v 0.249311 2.737678 0.150000
v 0.000004 2.758131 0.163605
v 0.000008 2.737678 0.150000
v 0.012462 2.547113 0.154862
v 0.000008 2.537116 0.150000
v 0.179141 2.618727 0.000000
v 0.019920 2.553148 0.157774
v 0.197746 2.677072 0.157774
v 0.224449 2.650301 0.000000
v 0.229231 2.715872 0.157774
v 0.249311 2.737678 0.150000
v 0.261732 2.758131 0.163605
v 0.434317 2.970813 0.163605
v 0.461874 3.000000 0.150000
v 0.280196 2.719001 0.000000
v 0.506490 3.000000 0.000000
v 0.000004 2.494716 0.000000
v 0.434317 2.970813 0.163605
v 0.000004 2.970813 0.163605
v 0.261732 2.758131 0.163605
v 0.000004 2.758131 0.163605
vn -0.0000 0.3358 0.9419
vn -0.0000 0.4225 0.9064
vn -1.0000 -0.0000 -0.0000
vn -0.3637 -0.0000 0.9315
vn -0.0000 -0.0000 -1.0000
vn -0.0000 -0.0000 1.0000
vn -0.0000 1.0000 -0.0000
vn -0.0000 -0.5538 0.8326
vn 0.5544 -0.8009 0.2264
vn 0.5565 -0.7985 0.2297
vn 0.7554 -0.6129 0.2318
vn 0.7587 -0.6110 0.2257
vt 0.925238 0.235154
vt 0.928163 0.237800
vt 0.928163 0.265672
vt 0.925238 0.268352
vt 0.801679 0.146834
vt 0.801679 0.085331
vt 0.805605 0.085320
vt 0.805605 0.143154
vt 0.944090 0.196228
vt 0.964008 0.196174
vt 0.964008 0.263418
vt 0.944090 0.257829
vt 0.944090 0.231138
vt 0.942284 0.228421
vt 0.942284 0.200117
vt 0.049648 0.957761
vt 0.049648 0.936097
vt 0.052293 0.933171
vt 0.052293 0.959872
vt 0.050638 0.958555
vt 0.633924 0.520173
vt 0.624778 0.512760
vt 0.620575 0.506732
vt 0.604065 0.482901
vt 0.671334 0.482854
vt 0.671334 0.550267
vt 0.217112 0.955949
vt 0.211947 0.960141
vt 0.211947 0.932269
vt 0.233610 0.932272
vt 0.503723 0.927480
vt 0.503723 0.988950
vt 0.483769 0.994918
vt 0.483769 0.927510
vt 0.936670 0.268364
vt 0.933987 0.270006
vt 0.933987 0.235154
vt 0.936670 0.235166
vt 0.899891 0.421898
vt 0.919769 0.422227
vt 0.919769 0.445792
vt 0.899247 0.423526
vt 0.919769 0.451752
vt 0.898862 0.447892
vt 0.898861 0.424500
vt 0.695681 0.155962
vt 0.695683 0.160797
vt 0.674278 0.163167
vt 0.674274 0.154606
vt 0.696456 0.124228
vt 0.696469 0.150731
vt 0.694624 0.153197
vt 0.694611 0.120504
vt 0.674274 0.119572
vt 0.135620 0.411083
vt 0.135620 0.353249
vt 0.163935 0.353253
vt 0.163935 0.388105
s 1
usemtl DestructibleWall
f 24/23/7 22/24/7 21/25/7 23/26/7
f 26/27/8 25/28/8 27/29/8 28/30/8
f 31/31/9 29/32/9 30/33/9 35/34/9 34/35/9 33/36/9 32/37/9
f 37/38/10 36/39/10 38/40/10 39/41/10 40/42/10
f 44/43/11 43/44/11 41/45/11 42/46/11 46/47/11 45/48/11
f 47/49/12 49/50/12 50/51/12 48/52/12
f 54/53/13 52/54/13 51/55/13 53/56/13
f 56/57/14 55/58/14 57/59/14 58/60/14
s 0
f 60/61/15 72/62/15 61/63/15 59/64/15
f 59/64/16 61/63/16 64/65/16 63/66/16 62/67/16
f 65/68/17 63/69/17 64/70/17 70/71/17 68/72/17 67/73/17 66/74/17
f 69/75/18 68/72/18 70/71/18 71/76/18
s 1
f 73/77/12 74/78/12 76/79/12 75/80/12
g SM_Env_Wall_Interior_Ground_01_cell.022_SM_Env_Wall_Interior_Ground_01_cell.048
v 1.874013 2.052169 0.150388
v 1.567565 2.051775 0.150528
v 1.835838 2.075064 0.157774
v 1.595304 2.075064 0.157774
v 1.855095 2.031453 0.157774
v 1.874013 2.052169 0.150388
v 1.555367 2.031453 0.157774
v 1.567565 2.051775 0.150528
v 1.275920 1.779784 0.102102
v 1.299101 1.651439 0.000000
v 1.192283 1.786907 0.000000
v 1.825336 1.954284 0.157774
v 1.415915 1.878554 0.157774
v 1.486999 1.956738 0.157774
v 1.555367 2.031453 0.157774
v 1.567565 2.051775 0.150528
v 1.254859 1.855293 0.000000
v 1.595304 2.075064 0.157774
v 1.693558 2.182181 0.157774
v 1.679573 2.318320 0.000000
v 1.785676 2.112916 0.157774
v 2.032233 2.053152 0.000000
v 1.835838 2.075064 0.157774
v 1.874013 2.052169 0.150388
v 1.894920 2.030480 0.157774
v 1.945870 1.992034 0.157774
v 2.070579 2.024217 0.000000
v 1.938725 1.975377 0.157774
v 1.998925 1.782630 0.000000
v 1.963743 1.775157 0.000000
v 1.894920 1.967223 0.157774
v 1.875008 1.953420 0.150000
v 1.855095 1.959818 0.157774
v 1.299101 1.651439 0.000000
v 1.192283 1.786907 0.000000
v 1.963743 1.775157 0.000000
v 1.998925 1.782630 0.000000
v 2.070579 2.024217 0.000000
v 2.032233 2.053152 0.000000
v 1.679573 2.318320 0.000000
v 1.254859 1.855293 0.000000
v 1.938725 1.975377 0.157774
v 1.894920 1.967223 0.157774
v 1.945870 1.992034 0.157774
v 1.894920 2.030480 0.157774
v 1.825336 1.954284 0.157774
v 1.855095 1.959818 0.157774
v 1.415915 1.878554 0.157774
v 1.486999 1.956738 0.157774
v 1.555367 2.031453 0.157774
v 1.855095 2.031453 0.157774
v 1.894920 1.967223 0.157774
v 1.894920 2.030480 0.157774
v 1.875008 1.953420 0.150000
v 1.874013 2.052169 0.150388
v 1.855095 1.959818 0.157774
v 1.875008 1.953420 0.150000
v 1.855095 2.031453 0.157774
v 1.874013 2.052169 0.150388
v 1.595304 2.075064 0.157774
v 1.693558 2.182181 0.157774
v 1.835838 2.075064 0.157774
v 1.785676 2.112916 0.157774
vn 0.0005 -0.3019 0.9533
vn -0.0000 0.3358 0.9419
vn 0.1128 -0.6062 0.7873
vn -0.6733 -0.5309 0.5145
vn -0.6182 0.5656 0.5458
vn 0.1116 -0.6033 0.7897
vn -0.6155 0.5596 0.5549
vn -0.6183 0.5671 0.5442
vn 0.5070 0.6743 0.5369
vn 0.5076 0.6727 0.5384
vn 0.7803 -0.2381 0.5784
vn 0.1283 -0.6039 0.7867
vn -0.0000 -0.0000 -1.0000
vn -0.0000 -0.0000 1.0000
vn -0.3489 -0.0044 0.9371
vn 0.3637 -0.0000 0.9315
vt 0.899785 0.662090
vt 0.896711 0.665781
vt 0.896711 0.624974
vt 0.899744 0.630060
vt 0.674684 0.974055
vt 0.674633 0.934143
vt 0.677409 0.931614
vt 0.677409 0.972422
vt 0.802610 0.849581
vt 0.803912 0.852043
vt 0.803912 0.856073
vt 0.794610 0.932172
vt 0.777526 0.932123
vt 0.777526 0.842101
vt 0.803910 0.840716
vt 0.803910 0.846649
vt 0.343617 0.145752
vt 0.354392 0.152646
vt 0.343617 0.167761
vt 0.002645 0.817172
vt 0.016381 0.828178
vt 0.022970 0.855413
vt 0.022598 0.864186
vt 0.021524 0.865732
vt 0.002304 0.825202
vt 0.803975 0.911516
vt 0.023360 0.846293
vt 0.022381 0.869311
vt 0.021848 0.881920
vt 0.000000 0.879707
vt 0.022399 0.894482
vt 0.002110 0.927796
vt 0.021910 0.906514
vt 0.023054 0.909379
vt 0.023360 0.916328
vt 0.002340 0.933025
vt 0.022700 0.901322
vt 0.834465 0.638314
vt 0.834487 0.640453
vt 0.812372 0.666059
vt 0.812372 0.634720
vt 0.777647 0.837313
vt 0.689377 0.357436
vt 0.747852 0.351735
vt 0.754219 0.351125
vt 0.768933 0.381265
vt 0.766153 0.385162
vt 0.712067 0.457063
vt 0.689392 0.453381
vt 0.689377 0.441046
vt 0.390947 0.158683
vt 0.390947 0.167104
vt 0.385114 0.166020
vt 0.384163 0.163802
vt 0.680716 0.482854
vt 0.687973 0.522100
vt 0.679848 0.532860
vt 0.671334 0.544059
vt 0.671334 0.488617
vt 0.671337 0.484587
vt 0.419202 0.157110
vt 0.419117 0.148689
vt 0.421866 0.145752
vt 0.421866 0.158898
vt 0.421866 0.145752
vt 0.424419 0.148506
vt 0.424515 0.158042
vt 0.421866 0.158898
vt 0.816391 0.301139
vt 0.830652 0.288057
vt 0.830652 0.320087
vt 0.825612 0.313406
s 1
usemtl DestructibleWall
f 80/81/19 78/82/19 77/83/19 79/84/19
f 83/85/20 81/86/20 82/87/20 84/88/20
s 0
f 108/89/21 109/90/21 88/91/21 85/92/21 86/93/21 106/94/21 104/95/21 107/96/21
f 85/97/22 87/98/22 86/99/22
f 87/100/23 85/101/23 90/102/23 91/103/23 92/104/23 93/105/23
f 89/106/24 85/92/24 88/91/24
f 90/102/25 85/101/25 89/107/25
f 93/105/26 92/104/26 94/108/26 95/109/26 96/110/26
f 96/110/27 95/109/27 97/111/27 98/112/27
f 100/113/28 101/114/28 102/115/28 103/116/28 98/112/28 97/111/28 99/117/28
f 102/118/29 104/119/29 105/120/29 103/121/29
f 104/95/30 106/94/30 105/122/30
s 1
f 116/123/31 115/124/31 114/125/31 113/126/31 112/127/31 110/128/31 111/129/31 117/130/31
f 121/131/32 119/132/32 118/133/32 120/134/32
f 127/135/32 126/136/32 125/137/32 124/138/32 122/139/32 123/140/32
f 128/141/33 129/142/33 131/143/33 130/144/33
f 135/145/34 134/146/34 132/147/34 133/148/34
f 137/149/32 136/150/32 138/151/32 139/152/32
g SM_Env_Wall_Interior_Ground_01_cell.039_SM_Env_Wall_Interior_Ground_01_cell.064
v 1.230095 2.075064 0.157774
v 1.230095 2.715872 0.157774
v 1.250008 2.053258 0.150000
v 1.250008 2.737678 0.150000
v 0.951350 1.817073 0.004848
v 1.098562 1.835835 0.157774
v 1.106061 1.802774 0.157774
v 1.228696 1.787509 0.157774
v 0.949626 1.817159 0.000000
v 0.944984 1.824599 0.000000
v 0.923104 1.925533 0.000000
v 0.690744 3.000000 0.000000
v 0.838944 3.000000 0.150000
v 0.858697 2.970813 0.163605
v 0.904691 2.758131 0.163605
v 0.895673 2.737678 0.150000
v 0.908070 2.715872 0.157774
v 1.046778 2.075064 0.157774
v 1.043808 2.053258 0.150000
v 1.056218 2.031453 0.157774
v 1.190379 1.788056 0.000000
v 1.677882 2.320255 0.000000
v 1.274817 1.780570 0.103519
v 1.482389 1.955056 0.157774
v 1.410603 1.876737 0.157774
v 1.402383 1.871693 0.157774
v 1.253174 1.784557 0.157774
v 1.552352 2.031453 0.157774
v 1.565474 2.053258 0.150000
v 1.592290 2.075064 0.157774
v 1.692308 2.184281 0.157774
v 1.636591 2.330328 0.157774
v 1.465779 2.876223 0.000000
v 1.489334 2.715872 0.157774
v 1.482862 2.737678 0.150000
v 1.471801 2.758131 0.163605
v 1.390567 2.970813 0.163605
v 1.382669 3.000000 0.150000
v 1.418503 3.000000 0.000000
v 1.269920 2.075064 0.157774
v 1.592290 2.075064 0.157774
v 1.269920 2.715872 0.157774
v 1.489334 2.715872 0.157774
v 1.636591 2.330328 0.157774
v 1.692308 2.184281 0.157774
v 1.230095 2.715872 0.157774
v 0.908070 2.715872 0.157774
v 1.230095 2.075064 0.157774
v 1.046778 2.075064 0.157774
v 1.250008 2.053258 0.150000
v 1.269920 2.075064 0.157774
v 1.250008 2.737678 0.150000
v 1.269920 2.715872 0.157774
v 1.250008 2.737678 0.150000
v 0.895673 2.737678 0.150000
v 1.230095 2.715872 0.157774
v 0.908070 2.715872 0.157774
v 1.465779 2.876223 0.000000
v 1.677882 2.320255 0.000000
v 1.418503 3.000000 0.000000
v 0.690744 3.000000 0.000000
v 0.923104 1.925533 0.000000
v 0.944984 1.824599 0.000000
v 0.949626 1.817159 0.000000
v 1.190379 1.788056 0.000000
v 1.471801 2.758131 0.163605
v 1.390567 2.970813 0.163605
v 0.904691 2.758131 0.163605
v 0.858697 2.970813 0.163605
v 1.390567 2.970813 0.163605
v 1.382669 3.000000 0.150000
v 0.858697 2.970813 0.163605
v 0.838944 3.000000 0.150000
v 1.482862 2.737678 0.150000
v 1.489334 2.715872 0.157774
v 1.250008 2.737678 0.150000
v 1.269920 2.715872 0.157774
v 1.482389 1.955056 0.157774
v 1.552352 2.031453 0.157774
v 1.410603 1.876737 0.157774
v 1.402383 1.871693 0.157774
v 1.253174 1.784557 0.157774
v 1.228696 1.787509 0.157774
v 1.106061 1.802774 0.157774
v 1.098562 1.835835 0.157774
v 1.056218 2.031453 0.157774
v 1.552352 2.031453 0.157774
v 1.565474 2.053258 0.150000
v 1.056218 2.031453 0.157774
v 1.043808 2.053258 0.150000
v 1.250008 2.053258 0.150000
v 1.418503 3.000000 0.000000
v 0.690744 3.000000 0.000000
v 1.382669 3.000000 0.150000
v 0.838944 3.000000 0.150000
v 1.471801 2.758131 0.163605
v 0.904691 2.758131 0.163605
v 1.482862 2.737678 0.150000
v 1.250008 2.737678 0.150000
v 0.895673 2.737678 0.150000
v 1.592290 2.075064 0.157774
v 1.565474 2.053258 0.150000
v 1.269920 2.075064 0.157774
v 1.250008 2.053258 0.150000
v 1.043808 2.053258 0.150000
v 1.250008 2.053258 0.150000
v 1.046778 2.075064 0.157774
v 1.230095 2.075064 0.157774
vn 0.3637 -0.0000 0.9315
vn -0.7029 -0.1521 0.6948
vn -0.7014 -0.1591 0.6947
vn -0.1235 -0.9918 0.0322
vn -0.1198 -0.9925 0.0256
vn -0.8143 -0.5081 0.2804
vn -0.7070 -0.1533 0.6904
vn 0.6184 -0.5663 -0.5449
vn 0.6189 -0.5672 -0.5434
vn 0.5127 -0.8355 0.1977
vn 0.4875 -0.8348 0.2558
vn 0.9122 0.3480 0.2165
vn 0.9117 0.3482 0.2178
vn -0.0000 -0.0000 1.0000
vn -0.3637 -0.0000 0.9315
vn -0.0000 0.3358 0.9419
vn -0.0000 -0.0000 -1.0000
vn -0.0000 0.4225 0.9064
vn -0.0000 1.0000 -0.0000
vn -0.0000 -0.5538 0.8326
vn -0.0000 -0.3358 0.9419
vt 0.671974 0.840496
vt 0.674633 0.843422
vt 0.674633 0.928734
vt 0.671974 0.931614
vt 0.879723 0.500582
vt 0.880712 0.497374
vt 0.878982 0.495003
vt 0.878982 0.466033
vt 0.880712 0.461642
vt 0.899785 0.457063
vt 0.899785 0.603421
vt 0.899169 0.618343
vt 0.879700 0.620460
vt 0.879705 0.593813
vt 0.880696 0.590605
vt 0.879707 0.587873
vt 0.879655 0.624974
vt 0.102881 0.859849
vt 0.082039 0.896606
vt 0.082257 0.880244
vt 0.103104 0.891746
vt 0.089178 0.902846
vt 0.081996 0.899872
vt 0.103529 0.859627
vt 0.167994 0.192055
vt 0.168621 0.191050
vt 0.168621 0.192063
vt 0.899778 0.617172
vt 0.103529 0.955432
vt 0.082206 0.957421
vt 0.082118 0.944355
vt 0.083146 0.940847
vt 0.082083 0.939138
vt 0.082022 0.929998
vt 0.081960 0.920620
vt 0.081961 0.919537
vt 0.855910 0.937185
vt 0.855908 0.861153
vt 0.877213 0.934960
vt 0.877214 0.954933
vt 0.855908 0.844225
vt 0.876163 0.843417
vt 0.878000 0.847336
vt 0.878000 0.876422
vt 0.876163 0.879293
vt 0.877213 0.882233
vt 0.796246 0.457067
vt 0.825463 0.457063
vt 0.825463 0.542375
vt 0.782536 0.542381
vt 0.769217 0.527843
vt 0.776636 0.508398
vt 0.755618 0.766530
vt 0.737147 0.851845
vt 0.712736 0.851848
vt 0.712736 0.766536
vt 0.568880 0.936557
vt 0.566235 0.933677
vt 0.566235 0.848365
vt 0.568880 0.845439
vt 0.964511 0.749979
vt 0.964511 0.792860
vt 0.961585 0.795518
vt 0.961585 0.748334
vt 0.321208 0.357202
vt 0.415871 0.377735
vt 0.418539 0.395176
vt 0.430489 0.473505
vt 0.352106 0.529003
vt 0.321609 0.518423
vt 0.321215 0.517324
vt 0.321208 0.503573
vt 0.571338 0.916539
vt 0.571338 0.845714
vt 0.599653 0.851843
vt 0.599653 0.927360
vt 0.155290 0.773051
vt 0.155290 0.700647
vt 0.159216 0.703267
vt 0.159216 0.774092
vt 0.936670 0.235154
vt 0.939595 0.237800
vt 0.939595 0.267017
vt 0.936670 0.266161
vt 0.638094 0.282393
vt 0.664137 0.288035
vt 0.668538 0.289034
vt 0.670570 0.305364
vt 0.670963 0.308624
vt 0.659363 0.328491
vt 0.658691 0.329586
vt 0.648264 0.339143
vt 0.638094 0.348458
vt 0.709655 0.896796
vt 0.709655 0.962862
vt 0.706729 0.964615
vt 0.706729 0.922607
vt 0.706729 0.895150
vt 0.962314 0.363185
vt 0.942361 0.367985
vt 0.942361 0.271127
vt 0.962314 0.290821
vt 0.297324 0.880800
vt 0.297324 0.927984
vt 0.297324 0.958991
vt 0.294641 0.957506
vt 0.294641 0.881989
vt 0.967391 0.793906
vt 0.967391 0.750979
vt 0.970271 0.748334
vt 0.970271 0.790342
vt 0.945301 0.551706
vt 0.945301 0.579164
vt 0.942421 0.576505
vt 0.942421 0.552095
s 1
usemtl DestructibleWall
f 143/153/35 141/154/35 140/155/35 142/156/35
s 0
f 156/157/36 155/158/36 154/159/36 153/160/36 152/161/36 151/162/36 150/163/36 144/164/36 145/165/36 159/166/36 158/167/36 157/168/36
f 145/165/37 144/164/37 146/169/37
f 144/170/38 147/171/38 146/172/38
f 160/173/39 162/174/39 166/175/39 147/171/39 144/170/39 148/176/39
f 144/177/40 149/178/40 148/179/40
f 144/164/41 150/163/41 149/180/41
f 162/174/42 160/173/42 161/181/42 170/182/42 169/183/42 168/184/42 167/185/42 163/186/42
f 163/186/43 164/187/43 162/174/43
f 162/174/44 164/187/44 165/188/44
f 165/188/45 166/175/45 162/174/45
f 161/189/46 172/190/46 171/191/46 170/192/46
f 178/193/47 177/194/47 176/195/47 175/196/47 174/197/47 173/198/47 171/191/47 172/190/47
s 1
f 182/199/48 181/200/48 179/201/48 180/202/48 184/203/48 183/204/48
f 186/205/48 188/206/48 187/207/48 185/208/48
f 189/209/49 190/210/49 192/211/49 191/212/49
f 196/213/50 195/214/50 193/215/50 194/216/50
f 200/217/51 199/218/51 197/219/51 198/220/51 204/221/51 203/222/51 202/223/51 201/224/51
f 206/225/48 208/226/48 207/227/48 205/228/48
f 210/229/52 212/230/52 211/231/52 209/232/52
f 215/233/50 216/234/50 214/235/50 213/236/50
f 225/237/48 224/238/48 223/239/48 222/240/48 221/241/48 220/242/48 219/243/48 217/244/48 218/245/48
f 228/246/50 226/247/50 227/248/50 230/249/50 229/250/50
f 233/251/53 231/252/53 232/253/53 234/254/53
f 239/255/54 238/256/54 237/257/54 235/258/54 236/259/54
f 240/260/55 242/261/55 243/262/55 241/263/55
f 244/264/55 245/265/55 247/266/55 246/267/55
g SM_Env_Wall_Interior_Ground_01_cell.048_SM_Env_Wall_Interior_Ground_01_cell.073
v 1.980080 1.368839 0.150000
v 2.307724 1.368839 0.150000
v 1.989476 1.390645 0.157774
v 2.275988 1.390645 0.157774
v 1.947694 0.817696 0.000000
v 1.957390 0.772456 0.000000
v 1.865726 1.203183 0.000000
v 1.964362 1.588275 0.000000
v 1.987475 1.677644 0.000000
v 2.007642 1.752832 0.000000
v 2.048896 1.716447 0.000000
v 3.038714 0.842804 0.000000
v 3.003759 0.839829 0.000000
v 2.847701 0.829675 0.000000
v 1.976979 0.812011 0.157774
v 1.936550 1.000645 0.157774
v 2.210473 0.827017 0.157774
v 2.480095 0.844560 0.157774
v 2.480095 1.210627 0.157774
v 2.325435 1.347033 0.157774
v 1.978197 1.347033 0.157774
v 1.940925 1.202921 0.157774
v 1.915033 1.101835 0.157774
v 2.480095 0.844560 0.157774
v 2.500008 0.843944 0.150000
v 2.480095 1.210627 0.157774
v 2.500008 1.199249 0.150000
v 2.519920 0.847152 0.157774
v 2.500008 0.843944 0.150000
v 2.519920 1.175501 0.157774
v 2.500008 1.199249 0.150000
v 2.857094 0.869090 0.157774
v 2.519920 0.847152 0.157774
v 2.866258 0.869870 0.157774
v 2.606751 1.098918 0.157774
v 2.519920 1.175501 0.157774
v 1.978197 1.347033 0.157774
v 1.980080 1.368839 0.150000
v 2.325435 1.347033 0.157774
v 2.307724 1.368839 0.150000
v 1.989476 1.390645 0.157774
v 2.037571 1.576609 0.157774
v 2.275988 1.390645 0.157774
v 2.042845 1.596271 0.157774
v 1.947694 0.817696 0.000000
v 1.936550 1.000645 0.157774
v 1.957390 0.772456 0.000000
v 1.865726 1.203183 0.000000
v 1.915033 1.101835 0.157774
v 1.964362 1.588275 0.000000
v 1.940925 1.202921 0.157774
v 1.987475 1.677644 0.000000
v 2.037571 1.576609 0.157774
v 2.007642 1.752832 0.000000
v 2.048896 1.716447 0.000000
v 2.042845 1.596271 0.157774
v 2.275988 1.390645 0.157774
v 2.307724 1.368839 0.150000
v 2.325435 1.347033 0.157774
v 2.480095 1.210627 0.157774
v 2.500008 1.199249 0.150000
v 2.519920 1.175501 0.157774
v 2.606751 1.098918 0.157774
v 2.866258 0.869870 0.157774
v 2.857094 0.869090 0.157774
v 3.038714 0.842804 0.000000
v 3.003759 0.839829 0.000000
v 2.847701 0.829675 0.000000
v 2.210473 0.827017 0.157774
v 1.976979 0.812011 0.157774
v 2.480095 0.844560 0.157774
v 2.500008 0.843944 0.150000
v 2.519920 0.847152 0.157774
v 1.989476 1.390645 0.157774
v 1.980080 1.368839 0.150000
v 1.978197 1.347033 0.157774
vn -0.0000 -0.3358 0.9419
vn -0.0000 -0.0000 -1.0000
vn -0.0000 -0.0000 1.0000
vn 0.3637 -0.0000 0.9315
vn -0.3637 -0.0000 0.9315
vn -0.0000 0.3358 0.9419
vn -0.9640 -0.2050 0.1696
vn -0.9633 -0.2065 0.1714
vn -0.8794 0.2252 0.4195
vn -0.8770 0.2268 0.4237
vn -0.8733 0.2342 0.4273
vn 0.5680 0.6441 0.5124
vn 0.5688 0.6444 0.5111
vn 0.0820 -0.9635 0.2549
vn 0.0631 -0.9691 0.2384
vn 0.0623 -0.9699 0.2354
vt 0.563181 0.930421
vt 0.563181 0.974051
vt 0.560300 0.969818
vt 0.560300 0.931665
vt 0.529367 0.347898
vt 0.514612 0.333218
vt 0.430504 0.249403
vt 0.434164 0.244447
vt 0.465405 0.202286
vt 0.512510 0.178186
vt 0.523462 0.172615
vt 0.532739 0.168000
vt 0.532742 0.175325
vt 0.532742 0.351125
vt 0.032642 0.741928
vt 0.046114 0.744793
vt 0.071228 0.750177
vt 0.069235 0.781269
vt 0.066904 0.817172
vt 0.018169 0.817172
vt 0.000006 0.796578
vt 0.000000 0.750339
vt 0.019185 0.745376
vt 0.400486 0.929928
vt 0.400486 0.978663
vt 0.397828 0.978723
vt 0.397828 0.931421
vt 0.975797 0.795232
vt 0.975797 0.751519
vt 0.978442 0.748334
vt 0.978442 0.795636
vt 0.576455 0.350520
vt 0.532742 0.350520
vt 0.535656 0.305622
vt 0.535760 0.304401
vt 0.566258 0.338957
vt 0.634986 0.304658
vt 0.637912 0.304401
vt 0.637912 0.350640
vt 0.634986 0.348288
vt 0.607611 0.311504
vt 0.610228 0.310802
vt 0.634986 0.304401
vt 0.634986 0.342554
vt 0.941511 0.790227
vt 0.920355 0.765965
vt 0.920086 0.752398
vt 0.940486 0.738543
vt 0.941632 0.796292
vt 0.920859 0.791257
vt 0.920294 0.739067
vt 0.941281 0.687756
vt 0.920595 0.720063
vt 0.921635 0.717163
vt 0.920686 0.714312
vt 0.921075 0.689789
vt 0.941467 0.675971
vt 0.921118 0.687196
vt 0.941632 0.666059
vt 0.371243 0.817957
vt 0.371242 0.839160
vt 0.370172 0.841822
vt 0.371242 0.844620
vt 0.371242 0.856524
vt 0.349523 0.778662
vt 0.349523 0.773006
vt 0.371244 0.779216
vt 0.371243 0.811178
vt 0.370173 0.815461
vt 0.371242 0.892102
vt 0.349523 0.914364
vt 0.901387 0.224272
vt 0.922310 0.243895
vt 0.922312 0.248542
vt 0.901387 0.225490
vt 0.901387 0.138275
vt 0.922310 0.223140
vt 0.901387 0.179430
vt 0.902418 0.176787
vt 0.901387 0.174133
vt 0.922312 0.104733
vt 0.901387 0.107222
s 1
usemtl DestructibleWall
f 248/268/56 249/269/56 251/270/56 250/271/56
f 260/272/57 261/273/57 253/274/57 252/275/57 254/276/57 255/277/57 256/278/57 257/279/57 258/280/57 259/281/57
f 270/282/58 263/283/58 262/284/58 264/285/58 265/286/58 266/287/58 267/288/58 268/289/58 269/290/58
f 273/291/59 271/292/59 272/293/59 274/294/59
f 275/295/60 277/296/60 278/297/60 276/298/60
f 283/299/58 280/300/58 279/301/58 281/302/58 282/303/58
f 285/304/61 284/305/61 286/306/61 287/307/61
f 291/308/58 289/309/58 288/310/58 290/311/58
s 0
f 292/312/62 293/313/62 296/314/62 295/315/62
f 292/312/63 294/316/63 317/317/63 293/313/63
f 298/318/64 297/319/64 295/315/64 296/314/64
f 297/319/65 298/318/65 323/320/65 322/321/65 321/322/65 300/323/65 299/324/65
f 299/324/66 300/323/66 303/325/66 301/326/66
f 306/327/67 307/328/67 308/329/67 309/330/67 310/331/67 302/332/67 301/333/67 303/334/67 304/335/67 305/336/67
f 311/337/68 313/338/68 302/332/68 310/331/68
f 312/339/69 314/340/69 313/341/69 311/342/69
f 316/343/70 315/344/70 314/340/70 312/339/70 320/345/70 319/346/70 318/347/70
f 294/348/71 315/344/71 316/343/71 317/349/71
g SM_Env_Wall_Interior_Ground_01_cell.068_SM_Env_Wall_Interior_Ground_01_cell.093
v 3.144920 1.390645 0.157774
v 3.125008 1.368839 0.150000
v 4.355095 1.390645 0.157774
v 4.375008 1.368839 0.150000
v 3.750008 1.368839 0.150000
v 3.149450 1.841531 0.115584
v 3.225116 1.807594 0.000000
v 3.896113 1.727563 0.000000
v 3.156130 1.849637 0.157774
v 3.117590 1.662875 0.000000
v 3.042194 0.842298 0.000137
v 3.117715 1.436653 0.152847
v 3.112988 1.382002 0.154693
v 3.125008 1.520882 0.150000
v 3.144920 1.726911 0.157774
v 3.111132 1.368839 0.150000
v 3.110227 1.347033 0.157774
v 3.060055 0.797025 0.157774
v 3.063429 0.791458 0.157774
v 3.055159 0.820918 0.000000
v 3.084022 0.758365 0.157774
v 3.134391 0.693588 0.000000
v 3.116631 0.706225 0.157774
v 3.130754 0.684419 0.150000
v 3.143542 0.662614 0.163605
v 3.281794 0.441561 0.163605
v 3.180923 0.619186 0.000000
v 3.627728 0.352159 0.163605
v 3.261557 0.598347 0.000000
v 3.768798 0.315939 0.163605
v 4.045133 0.662614 0.163605
v 3.864652 0.443504 0.000000
v 4.005793 0.620571 0.000000
v 4.494197 1.233614 0.000000
v 4.361799 1.060147 0.157774
v 4.489604 1.220567 0.157774
v 4.079688 0.706225 0.157774
v 4.062029 0.684419 0.150000
v 4.410004 1.347033 0.157774
v 4.396910 1.368839 0.150000
v 4.387735 1.382776 0.154969
v 4.375008 1.403637 0.150000
v 4.355095 1.434272 0.157774
v 4.170415 1.727621 0.157774
v 4.206635 1.690231 0.000000
v 3.386910 1.821953 0.157774
v 4.018546 1.712876 0.000000
v 3.042194 0.842298 0.000137
v 3.117590 1.662875 0.000000
v 3.055159 0.820918 0.000000
v 3.134391 0.693588 0.000000
v 3.180923 0.619186 0.000000
v 3.261557 0.598347 0.000000
v 3.864652 0.443504 0.000000
v 4.005793 0.620571 0.000000
v 4.494197 1.233614 0.000000
v 4.206635 1.690231 0.000000
v 4.018546 1.712876 0.000000
v 3.896113 1.727563 0.000000
v 3.225116 1.807594 0.000000
v 3.144920 1.390645 0.157774
v 3.144920 1.726911 0.157774
v 3.125008 1.368839 0.150000
v 3.125008 1.520882 0.150000
v 4.355095 1.390645 0.157774
v 4.355095 1.434272 0.157774
v 4.375008 1.368839 0.150000
v 4.375008 1.403637 0.150000
v 3.730095 1.347033 0.157774
v 3.730095 0.706225 0.157774
v 3.750008 1.368839 0.150000
v 3.750008 0.684419 0.150000
v 3.769920 0.706225 0.157774
v 3.769920 1.347033 0.157774
v 3.750008 0.684419 0.150000
v 3.750008 1.368839 0.150000
v 3.125008 1.368839 0.150000
v 3.111132 1.368839 0.150000
v 3.750008 1.368839 0.150000
v 3.730095 1.347033 0.157774
v 3.110227 1.347033 0.157774
v 4.170415 1.727621 0.157774
v 4.355095 1.434272 0.157774
v 3.386910 1.821953 0.157774
v 3.156130 1.849637 0.157774
v 3.144920 1.726911 0.157774
v 3.144920 1.390645 0.157774
v 4.355095 1.390645 0.157774
v 4.410004 1.347033 0.157774
v 4.396910 1.368839 0.150000
v 3.769920 1.347033 0.157774
v 3.750008 1.368839 0.150000
v 4.375008 1.368839 0.150000
v 4.387735 1.382776 0.154969
v 4.375008 1.403637 0.150000
v 4.375008 1.368839 0.150000
v 4.361799 1.060147 0.157774
v 4.489604 1.220567 0.157774
v 4.079688 0.706225 0.157774
v 3.769920 0.706225 0.157774
v 3.769920 1.347033 0.157774
v 4.410004 1.347033 0.157774
v 3.768798 0.315939 0.163605
v 4.045133 0.662614 0.163605
v 3.627728 0.352159 0.163605
v 3.281794 0.441561 0.163605
v 3.143542 0.662614 0.163605
v 4.045133 0.662614 0.163605
v 4.062029 0.684419 0.150000
v 3.143542 0.662614 0.163605
v 3.130754 0.684419 0.150000
v 3.750008 0.684419 0.150000
v 4.062029 0.684419 0.150000
v 4.079688 0.706225 0.157774
v 3.750008 0.684419 0.150000
v 3.769920 0.706225 0.157774
v 3.063429 0.791458 0.157774
v 3.060055 0.797025 0.157774
v 3.084022 0.758365 0.157774
v 3.116631 0.706225 0.157774
v 3.730095 0.706225 0.157774
v 3.730095 1.347033 0.157774
v 3.110227 1.347033 0.157774
v 3.117715 1.436653 0.152847
v 3.112988 1.382002 0.154693
v 3.125008 1.520882 0.150000
v 3.125008 1.368839 0.150000
v 3.112988 1.382002 0.154693
v 3.111132 1.368839 0.150000
v 3.125008 1.368839 0.150000
v 3.116631 0.706225 0.157774
v 3.130754 0.684419 0.150000
v 3.730095 0.706225 0.157774
v 3.750008 0.684419 0.150000
v 4.387735 1.382776 0.154969
v 4.375008 1.368839 0.150000
v 4.396910 1.368839 0.150000
vn -0.0000 -0.3358 0.9419
vn -0.6574 0.4884 -0.5738
vn 0.1158 0.9710 -0.2093
vn 0.1166 0.9718 -0.2051
vn -0.9862 0.0901 0.1388
vn -0.9871 0.0907 0.1319
vn -0.9864 0.0900 0.1376
vn -0.8541 -0.5176 -0.0519
vn -0.8478 -0.5275 -0.0541
vn -0.8467 -0.5295 -0.0529
vn -0.1863 -0.7208 -0.6677
vn -0.1848 -0.7196 -0.6693
vn 0.7817 -0.6231 -0.0278
vn 0.7818 -0.6229 -0.0287
vn 0.8443 0.5316 0.0681
vn 0.1170 0.9721 -0.2035
vn -0.0000 -0.0000 -1.0000
vn -0.3637 -0.0000 0.9315
vn 0.3637 -0.0000 0.9315
vn -0.0000 0.3358 0.9419
vn -0.0000 -0.0000 1.0000
vn -0.0000 0.5293 0.8484
vt 0.511078 0.857094
vt 0.511078 0.695945
vt 0.513958 0.693300
vt 0.513958 0.776526
vt 0.513958 0.859752
vt 0.839786 0.667076
vt 0.855908 0.671862
vt 0.854880 0.690618
vt 0.191166 0.797260
vt 0.206389 0.787100
vt 0.191162 0.886918
vt 0.211947 0.787975
vt 0.211946 0.818813
vt 0.191161 0.903278
vt 0.834248 0.666059
vt 0.834671 0.720836
vt 0.835091 0.709659
vt 0.834182 0.682339
vt 0.854410 0.799467
vt 0.833675 0.805691
vt 0.833975 0.732731
vt 0.835008 0.729827
vt 0.834398 0.728088
vt 0.854567 0.802373
vt 0.833711 0.806447
vt 0.855412 0.819689
vt 0.833931 0.810948
vt 0.835266 0.854038
vt 0.833792 0.823973
vt 0.835461 0.821002
vt 0.834279 0.818039
vt 0.855908 0.829808
vt 0.964393 0.115517
vt 0.942284 0.164926
vt 0.942285 0.118659
vt 0.964393 0.104733
vt 0.964393 0.196174
vt 0.942284 0.183792
vt 0.830955 0.244836
vt 0.832540 0.288057
vt 0.810297 0.271416
vt 0.809488 0.249340
vt 0.828365 0.195249
vt 0.829984 0.239373
vt 0.829054 0.242057
vt 0.806687 0.172909
vt 0.827633 0.175249
vt 0.828029 0.154603
vt 0.828856 0.157661
vt 0.811108 0.109406
vt 0.832540 0.104733
vt 0.829701 0.145529
vt 0.828366 0.149763
vt 0.828828 0.152681
vt 0.211947 0.923508
vt 0.191162 0.928411
vt 0.025630 0.133920
vt -0.000000 0.118075
vt 0.010959 0.035912
vt 0.012443 0.024925
vt 0.021544 0.017595
vt 0.037125 0.005104
vt 0.039747 0.003050
vt 0.149401 0.000000
vt 0.170226 0.011915
vt 0.170226 0.101866
vt 0.170214 0.118280
vt 0.170186 0.143497
vt 0.114364 0.188745
vt 0.566235 0.978069
vt 0.563590 0.975189
vt 0.563590 0.930421
vt 0.566235 0.957827
vt 0.421775 0.158898
vt 0.421775 0.164706
vt 0.419117 0.167587
vt 0.419117 0.162954
vt 0.679949 0.843422
vt 0.679949 0.928734
vt 0.677291 0.931614
vt 0.677291 0.840496
vt 0.078305 0.934478
vt 0.075660 0.931598
vt 0.075660 0.846286
vt 0.078305 0.843360
vt 0.911445 0.823890
vt 0.911445 0.906433
vt 0.908519 0.909090
vt 0.908519 0.825864
vt 0.908519 0.824017
vt 0.271782 0.658970
vt 0.259223 0.554635
vt 0.255538 0.523904
vt 0.271876 0.522413
vt 0.316644 0.522420
vt 0.316644 0.683568
vt 0.310836 0.683567
vt 0.821059 0.630885
vt 0.821059 0.627968
vt 0.821059 0.544742
vt 0.823984 0.547388
vt 0.823984 0.632622
vt 0.170226 0.230167
vt 0.168535 0.228327
vt 0.170226 0.225535
vt 0.627424 0.749313
vt 0.627424 0.664079
vt 0.712736 0.664091
vt 0.712736 0.705340
vt 0.665618 0.742899
vt 0.644261 0.759915
vt 0.801865 0.232480
vt 0.806687 0.251266
vt 0.760534 0.288057
vt 0.760534 0.168000
vt 0.789963 0.186414
vt 0.511078 0.780315
vt 0.511078 0.900372
vt 0.508135 0.902633
vt 0.508135 0.861084
vt 0.508135 0.778623
vt 0.970271 0.792228
vt 0.970271 0.750979
vt 0.973152 0.748334
vt 0.973152 0.789883
vt 0.321208 0.690452
vt 0.394431 0.683781
vt 0.395172 0.684230
vt 0.399578 0.686973
vt 0.406520 0.691316
vt 0.406520 0.773006
vt 0.321208 0.772994
vt 0.169595 0.199967
vt 0.170226 0.207248
vt 0.168621 0.208987
vt 0.168621 0.188745
vt 0.170226 0.234197
vt 0.168868 0.235450
vt 0.168868 0.233084
vt 0.828553 0.919003
vt 0.828553 0.837313
vt 0.831433 0.839201
vt 0.831433 0.921661
vt 0.168385 0.231858
vt 0.170226 0.230167
vt 0.170226 0.233084
s 1
usemtl DestructibleWall
f 326/350/72 324/351/72 325/352/72 328/353/72 327/354/72
s 0
f 329/355/73 330/356/73 333/357/73
f 330/358/74 329/359/74 331/360/74
f 331/360/75 329/359/75 332/361/75 369/362/75 370/363/75
f 332/364/76 329/355/76 335/365/76 337/366/76 338/367/76
f 334/368/77 329/355/77 333/357/77
f 334/368/78 341/369/78 340/370/78 339/371/78 336/372/78 335/365/78 329/355/78
f 341/369/79 334/368/79 343/373/79 342/374/79
f 342/374/80 343/373/80 345/375/80 344/376/80
f 349/377/81 348/378/81 347/379/81 346/380/81 344/376/81 345/375/81 350/381/81
f 352/382/82 351/383/82 349/384/82 350/385/82
f 352/382/83 355/386/83 353/387/83 351/383/83
f 354/388/84 353/389/84 355/390/84 356/391/84 358/392/84 360/393/84 361/394/84
f 356/391/85 357/395/85 359/396/85 358/392/85
f 363/397/86 362/398/86 359/396/86 357/395/86 368/399/86 367/400/86 366/401/86 365/402/86 364/403/86
f 367/404/87 368/405/87 370/363/87 369/362/87
s 1
f 378/406/88 377/407/88 376/408/88 375/409/88 374/410/88 373/411/88 371/412/88 372/413/88 383/414/88 382/415/88 381/416/88 380/417/88 379/418/88
f 386/419/89 384/420/89 385/421/89 387/422/89
f 389/423/90 388/424/90 390/425/90 391/426/90
f 392/427/90 393/428/90 395/429/90 394/430/90
f 398/431/89 396/432/89 397/433/89 399/434/89
f 404/435/91 403/436/91 402/437/91 400/438/91 401/439/91
f 405/440/92 407/441/92 408/442/92 409/443/92 410/444/92 411/445/92 406/446/92
f 413/447/91 416/448/91 415/449/91 414/450/91 412/451/91
f 419/452/89 417/453/89 418/454/89
f 425/455/92 424/456/92 423/457/92 422/458/92 420/459/92 421/460/92
f 428/461/92 426/462/92 427/463/92 430/464/92 429/465/92
f 433/466/93 431/467/93 432/468/93 435/469/93 434/470/93
f 437/471/72 439/472/72 438/473/72 436/474/72
f 446/475/92 441/476/92 440/477/92 442/478/92 443/479/92 444/480/92 445/481/92
f 447/482/90 448/483/90 450/484/90 449/485/90
f 452/486/72 453/487/72 451/488/72
f 456/489/72 454/490/72 455/491/72 457/492/72
f 458/493/72 459/494/72 460/495/72
g SM_Env_Wall_Interior_Ground_01_cell.087_SM_Env_Wall_Interior_Ground_01_cell.112
v 3.769920 2.075064 0.157774
v 3.750008 2.053258 0.150000
v 3.769920 2.715872 0.157774
v 3.750008 2.737678 0.150000
v 3.149506 1.843879 0.116206
v 3.156376 1.851693 0.157774
v 3.225038 1.810062 0.000000
v 3.104351 1.939856 0.157774
v 3.084342 2.039724 0.154825
v 3.084420 2.031453 0.157774
v 3.084229 2.053258 0.150000
v 3.074939 2.075064 0.157774
v 3.014075 2.355270 0.157774
v 3.095479 2.406023 0.000000
v 3.219924 2.622194 0.157774
v 3.144888 2.470091 0.000000
v 3.292302 2.715872 0.157774
v 3.311243 2.737678 0.150000
v 3.323382 2.758131 0.163605
v 3.326599 2.762294 0.163605
v 3.546956 3.000000 0.027307
v 3.337065 2.765314 0.163605
v 3.574703 3.000000 0.033571
v 3.770126 2.888815 0.163605
v 3.999265 2.779321 0.163605
v 3.670598 3.000000 0.054876
v 3.694925 3.000000 0.035011
v 3.737500 3.000000 0.000000
v 4.112056 2.820591 0.000000
v 4.238848 2.328354 0.000000
v 4.116084 2.729616 0.152874
v 4.119001 2.715872 0.157774
v 4.102749 2.737678 0.150000
v 4.043504 2.758131 0.163605
v 4.149368 2.597980 0.157774
v 4.221292 2.315749 0.157774
v 4.256242 2.260097 0.000000
v 4.200111 2.075064 0.157774
v 4.200155 2.053258 0.150000
v 4.196273 2.031453 0.157774
v 4.169732 1.729900 0.157774
v 4.206255 1.692280 0.000000
v 3.184921 1.848085 0.157774
v 3.240058 1.808163 0.000000
v 3.554309 3.000000 0.000000
v 3.125008 1.901212 0.150000
v 3.144920 1.871106 0.157774
v 3.730095 2.715872 0.157774
v 3.292302 2.715872 0.157774
v 3.730095 2.075064 0.157774
v 3.074939 2.075064 0.157774
v 3.014075 2.355270 0.157774
v 3.219924 2.622194 0.157774
v 3.730095 2.075064 0.157774
v 3.074939 2.075064 0.157774
v 3.750008 2.053258 0.150000
v 3.125008 2.053258 0.150000
v 3.084229 2.053258 0.150000
v 3.144920 2.031453 0.157774
v 3.144920 1.871106 0.157774
v 3.125008 2.053258 0.150000
v 3.125008 1.901212 0.150000
v 3.769920 2.075064 0.157774
v 4.200111 2.075064 0.157774
v 3.750008 2.053258 0.150000
v 4.200155 2.053258 0.150000
v 3.769920 2.715872 0.157774
v 4.119001 2.715872 0.157774
v 3.750008 2.737678 0.150000
v 4.102749 2.737678 0.150000
v 4.116084 2.729616 0.152874
v 3.105095 2.031453 0.157774
v 3.104351 1.939856 0.157774
v 3.084420 2.031453 0.157774
v 3.750008 2.053258 0.150000
v 4.200155 2.053258 0.150000
v 3.125008 2.053258 0.150000
v 3.144920 2.031453 0.157774
v 4.196273 2.031453 0.157774
v 3.750008 2.737678 0.150000
v 4.102749 2.737678 0.150000
v 3.311243 2.737678 0.150000
v 3.323382 2.758131 0.163605
v 4.043504 2.758131 0.163605
v 4.221292 2.315749 0.157774
v 4.200111 2.075064 0.157774
v 4.149368 2.597980 0.157774
v 4.119001 2.715872 0.157774
v 3.769920 2.715872 0.157774
v 3.769920 2.075064 0.157774
v 4.256242 2.260097 0.000000
v 4.206255 1.692280 0.000000
v 4.238848 2.328354 0.000000
v 4.112056 2.820591 0.000000
v 3.737500 3.000000 0.000000
v 3.554309 3.000000 0.000000
v 3.144888 2.470091 0.000000
v 3.095479 2.406023 0.000000
v 3.225038 1.810062 0.000000
v 3.240058 1.808163 0.000000
v 3.184921 1.848085 0.157774
v 4.169732 1.729900 0.157774
v 3.156376 1.851693 0.157774
v 3.144920 1.871106 0.157774
v 3.144920 2.031453 0.157774
v 4.196273 2.031453 0.157774
v 3.694925 3.000000 0.035011
v 3.737500 3.000000 0.000000
v 3.670598 3.000000 0.054876
v 3.574703 3.000000 0.033571
v 3.546956 3.000000 0.027307
v 3.554309 3.000000 0.000000
v 3.999265 2.779321 0.163605
v 4.043504 2.758131 0.163605
v 3.770126 2.888815 0.163605
v 3.337065 2.765314 0.163605
v 3.326599 2.762294 0.163605
v 3.323382 2.758131 0.163605
v 3.084342 2.039724 0.154825
v 3.084420 2.031453 0.157774
v 3.084229 2.053258 0.150000
v 3.125008 2.053258 0.150000
v 3.105095 2.031453 0.157774
v 3.105095 2.031453 0.157774
v 3.104351 1.939856 0.157774
v 3.125008 2.053258 0.150000
v 3.125008 1.901212 0.150000
v 3.292302 2.715872 0.157774
v 3.730095 2.715872 0.157774
v 3.311243 2.737678 0.150000
v 3.750008 2.737678 0.150000
v 3.730095 2.075064 0.157774
v 3.730095 2.715872 0.157774
v 3.750008 2.053258 0.150000
v 3.750008 2.737678 0.150000
vn -0.3637 -0.0000 0.9315
vn -0.8379 -0.4944 0.2314
vn -0.1228 -0.9715 0.2029
vn -0.8479 -0.1842 -0.4971
vn -0.8487 -0.1847 -0.4956
vn -0.7746 0.5974 -0.2075
vn -0.7740 0.5980 -0.2084
vn -0.1750 0.6068 0.7753
vn -0.1726 0.6053 0.7770
vn 0.3813 0.7979 0.4669
vn 0.3824 0.7984 0.4651
vn 0.9612 0.2476 0.1220
vn 0.9612 0.2450 0.1265
vn 0.9661 -0.0850 0.2439
vn -0.1166 -0.9718 0.2049
vn -0.0000 -0.0000 1.0000
vn -0.0000 -0.3358 0.9419
vn -0.0000 0.3358 0.9419
vn -0.0000 -0.5538 0.8326
vn -0.0000 -0.0000 -1.0000
vn -0.0000 1.0000 -0.0000
vn 0.3575 -0.0011 0.9339
vn 0.3637 -0.0000 0.9315
vt 0.075660 0.934478
vt 0.073015 0.931598
vt 0.073015 0.846286
vt 0.075660 0.843360
vt 0.880204 0.249470
vt 0.878853 0.244260
vt 0.885099 0.257102
vt 0.879629 0.256224
vt 0.879458 0.253590
vt 0.175742 0.787100
vt 0.191161 0.797209
vt 0.191161 0.799214
vt 0.170226 0.791815
vt 0.170226 0.788006
vt 0.878761 0.230873
vt 0.879363 0.229057
vt 0.878175 0.226138
vt 0.876771 0.188583
vt 0.898398 0.181698
vt 0.901387 0.261574
vt 0.878394 0.231983
vt 0.898720 0.173396
vt 0.878110 0.153994
vt 0.878025 0.135852
vt 0.897687 0.104786
vt 0.901387 0.104733
vt 0.878582 0.141856
vt 0.879745 0.139016
vt 0.878004 0.136392
vt 0.461030 0.982306
vt 0.461034 0.980855
vt 0.482740 0.941651
vt 0.483769 0.945194
vt 0.479182 0.929405
vt 0.461030 0.920892
vt 0.593675 0.941402
vt 0.593673 0.972389
vt 0.576118 0.930543
vt 0.578830 0.927360
vt 0.571338 0.986769
vt 0.571338 0.936114
vt 0.593673 0.978372
vt 0.591816 0.986312
vt 0.592208 0.988130
vt 0.898995 0.337792
vt 0.899979 0.271127
vt 0.920288 0.283286
vt 0.920917 0.285143
vt 0.920682 0.301109
vt 0.920126 0.339324
vt 0.898861 0.347034
vt 0.899628 0.421898
vt 0.920451 0.371057
vt 0.919429 0.373951
vt 0.920510 0.376807
vt 0.920917 0.416566
vt 0.191161 0.928125
vt 0.170226 0.923210
vt 0.528287 0.696909
vt 0.563823 0.669503
vt 0.601128 0.677613
vt 0.601128 0.764855
vt 0.515816 0.764843
vt 0.515816 0.706546
vt 0.821059 0.545986
vt 0.821059 0.551416
vt 0.821059 0.634642
vt 0.818178 0.631984
vt 0.818178 0.544742
vt 0.054938 0.957444
vt 0.054938 0.936097
vt 0.057583 0.933171
vt 0.057583 0.953413
vt 0.709856 0.974897
vt 0.709856 0.917612
vt 0.712736 0.914968
vt 0.712736 0.974910
vt 0.069574 0.922571
vt 0.072500 0.925216
vt 0.072500 0.971700
vt 0.070655 0.971316
vt 0.069574 0.969542
vt 0.429863 0.145752
vt 0.429863 0.158232
vt 0.427173 0.146338
vt 0.426802 0.817659
vt 0.426802 0.734433
vt 0.429728 0.737079
vt 0.429728 0.877079
vt 0.426802 0.877602
vt 0.069574 0.818777
vt 0.072257 0.817172
vt 0.072257 0.875599
vt 0.072257 0.922571
vt 0.069574 0.914670
vt 0.774799 0.000006
vt 0.821283 0.000000
vt 0.821283 0.085312
vt 0.763998 0.085320
vt 0.761177 0.053277
vt 0.770755 0.015702
vt 0.224131 0.002121
vt 0.248421 -0.000000
vt 0.300180 0.019456
vt 0.322738 0.083268
vt 0.325841 0.092119
vt 0.325841 0.168000
vt 0.196375 0.163818
vt 0.194361 0.163740
vt 0.170226 0.086205
vt 0.176029 0.077136
vt 0.732491 0.168000
vt 0.753756 0.169872
vt 0.756197 0.171618
vt 0.756343 0.175447
vt 0.760534 0.307462
vt 0.720233 0.307462
vt 0.843559 0.635704
vt 0.847191 0.634720
vt 0.848024 0.638411
vt 0.850858 0.651170
vt 0.848216 0.654411
vt 0.843559 0.660085
vt 0.968511 0.622099
vt 0.984953 0.564434
vt 0.985355 0.563040
vt 0.985909 0.562612
vt 0.985909 0.658505
vt 0.983088 0.652613
vt 0.411177 0.162483
vt 0.411177 0.165236
vt 0.408251 0.167894
vt 0.408251 0.162464
vt 0.410067 0.162475
vt 0.399642 0.145752
vt 0.402300 0.148677
vt 0.402399 0.160872
vt 0.399642 0.165994
vt 0.506666 0.905458
vt 0.506666 0.963755
vt 0.503740 0.966412
vt 0.503740 0.907986
vt 0.677291 0.843422
vt 0.677291 0.928734
vt 0.674633 0.931614
vt 0.674633 0.840496
s 1
usemtl DestructibleWall
f 462/496/94 461/497/94 463/498/94 464/499/94
s 0
f 506/500/95 468/501/95 465/502/95 466/503/95 507/504/95
f 465/505/96 467/506/96 504/507/96 503/508/96 466/509/96
f 465/502/97 469/510/97 471/511/97 472/512/97 473/513/97 474/514/97 467/515/97
f 465/502/98 468/501/98 470/516/98 469/510/98
f 476/517/99 474/514/99 473/513/99 475/518/99
f 480/519/100 481/520/100 505/521/100 476/517/100 475/518/100 477/522/100 478/523/100 479/524/100
f 480/525/101 482/526/101 483/527/101 481/528/101
f 486/529/102 483/527/102 482/526/102 484/530/102
f 484/531/103 485/532/103 487/533/103 486/534/103
f 489/535/104 488/536/104 487/533/104 485/532/104 494/537/104 493/538/104 491/539/104
f 490/540/105 489/541/105 491/542/105 492/543/105 495/544/105
f 490/540/106 495/544/106 496/545/106 497/546/106
f 502/547/107 497/546/107 496/545/107 498/548/107 499/549/107 500/550/107 501/551/107
f 504/507/108 502/552/108 501/553/108 503/508/108
s 1
f 513/554/109 512/555/109 511/556/109 510/557/109 508/558/109 509/559/109
f 518/560/110 517/561/110 516/562/110 514/563/110 515/564/110
f 520/565/94 519/566/94 521/567/94 522/568/94
f 524/569/110 523/570/110 525/571/110 526/572/110
f 529/573/111 527/574/111 528/575/111 531/576/111 530/577/111
f 534/578/109 533/579/109 532/580/109
f 535/581/111 537/582/111 538/583/111 539/584/111 536/585/111
f 543/586/112 542/587/112 540/588/112 541/589/112 544/590/112
f 548/591/109 549/592/109 550/593/109 546/594/109 545/595/109 547/596/109
f 556/597/113 555/598/113 554/599/113 553/600/113 551/601/113 552/602/113 560/603/113 559/604/113 558/605/113 557/606/113
f 565/607/109 564/608/109 563/609/109 561/610/109 562/611/109 566/612/109
f 572/613/114 571/614/114 570/615/114 569/616/114 567/617/114 568/618/114
f 575/619/109 576/620/109 577/621/109 578/622/109 574/623/109 573/624/109
f 580/625/111 583/626/111 582/627/111 581/628/111 579/629/111
f 586/630/115 584/631/115 585/632/115 587/633/115
f 588/634/111 589/635/111 591/636/111 590/637/111
f 593/638/116 592/639/116 594/640/116 595/641/116
g SM_Env_Wall_Interior_Ground_01_cell.099_SM_Env_Wall_Interior_Ground_01_cell.124
v 0.988833 0.021806 0.163605
v 1.380915 0.021806 0.163605
v 1.026958 0.000000 0.150000
v 1.338195 0.000000 0.150000
v 1.269920 0.706225 0.157774
v 1.269920 1.055471 0.157774
v 1.250008 0.684419 0.150000
v 1.250008 1.059274 0.150000
v 1.230095 0.706225 0.157774
v 0.974322 0.706225 0.157774
v 1.250008 0.684419 0.150000
v 0.964080 0.684419 0.150000
v 1.974621 0.811460 0.157774
v 1.952999 0.912846 0.157774
v 1.915428 0.706225 0.157774
v 1.269920 0.706225 0.157774
v 1.269920 1.055471 0.157774
v 1.787388 1.091565 0.157774
v 1.912875 1.100234 0.157774
v 1.873170 1.156893 0.000000
v 1.955371 0.771455 0.000000
v 1.863529 1.201917 0.000000
v 1.384724 1.168839 0.000000
v 1.231203 1.158131 0.000000
v 0.750510 0.232965 0.000000
v 1.093149 0.000000 0.000000
v 1.173058 0.000000 0.000000
v 1.208678 0.028032 0.000000
v 1.799533 0.494485 0.000000
v 1.890777 0.662614 0.163605
v 1.649181 0.233117 0.163605
v 0.950855 0.662614 0.163605
v 0.714670 0.207914 0.163605
v 0.829467 0.129859 0.163605
v 0.988833 0.021806 0.163605
v 1.380915 0.021806 0.163605
v 1.475231 0.095880 0.163605
v 1.510960 0.123998 0.163605
v 1.915428 0.706225 0.157774
v 1.903323 0.684419 0.150000
v 1.269920 0.706225 0.157774
v 1.250008 0.684419 0.150000
v 1.903323 0.684419 0.150000
v 1.890777 0.662614 0.163605
v 1.250008 0.684419 0.150000
v 0.964080 0.684419 0.150000
v 0.950855 0.662614 0.163605
v 1.151475 1.047210 0.157774
v 0.974322 0.706225 0.157774
v 1.230095 1.052694 0.157774
v 1.230095 0.706225 0.157774
v 1.230095 1.052694 0.157774
v 1.250008 1.059274 0.150000
v 1.230095 0.706225 0.157774
v 1.250008 0.684419 0.150000
v 0.950855 0.662614 0.163605
v 0.714670 0.207914 0.163605
v 0.964080 0.684419 0.150000
v 0.974322 0.706225 0.157774
v 1.151475 1.047210 0.157774
v 1.231203 1.158131 0.000000
v 1.230095 1.052694 0.157774
v 1.250008 1.059274 0.150000
v 1.269920 1.055471 0.157774
v 1.787388 1.091565 0.157774
v 1.912875 1.100234 0.157774
v 1.384724 1.168839 0.000000
v 1.863529 1.201917 0.000000
v 1.873170 1.156893 0.000000
v 1.955371 0.771455 0.000000
v 1.952999 0.912846 0.157774
v 1.974621 0.811460 0.157774
v 1.915428 0.706225 0.157774
v 1.903323 0.684419 0.150000
v 1.890777 0.662614 0.163605
v 1.649181 0.233117 0.163605
v 1.799533 0.494485 0.000000
v 1.510960 0.123998 0.163605
v 1.208678 0.028032 0.000000
v 1.475231 0.095880 0.163605
v 1.261448 0.000000 0.080186
v 1.380915 0.021806 0.163605
v 1.338195 0.000000 0.150000
v 1.173058 0.000000 0.000000
v 0.750510 0.232965 0.000000
v 1.093149 0.000000 0.000000
v 1.061158 0.000000 0.071980
v 0.829467 0.129859 0.163605
v 1.026958 0.000000 0.150000
v 0.988833 0.021806 0.163605
v 1.061158 0.000000 0.071980
v 1.026958 0.000000 0.150000
v 1.093149 0.000000 0.000000
v 1.173058 0.000000 0.000000
v 1.261448 0.000000 0.080186
v 1.338195 0.000000 0.150000
vn -0.0000 -0.5293 0.8484
vn -0.3637 -0.0000 0.9315
vn -0.0000 -0.3358 0.9419
vn -0.0000 -0.0000 1.0000
vn -0.0000 -0.0000 -1.0000
vn -0.0000 0.5293 0.8484
vn 0.3637 -0.0000 0.9315
vn -0.8806 0.4575 -0.1232
vn -0.0579 0.8302 0.5544
vn -0.0574 0.8309 0.5535
vn 0.9639 0.2064 -0.1684
vn 0.9638 0.2055 -0.1697
vn 0.8714 -0.4902 0.0178
vn 0.5113 -0.6477 -0.5648
vn 0.5110 -0.6493 -0.5633
vn 0.5110 -0.6506 -0.5617
vn -0.5455 -0.8023 -0.2424
vn -0.5449 -0.8037 -0.2389
vn -0.0000 -1.0000 -0.0000
vt 0.825627 0.972755
vt 0.825627 0.920545
vt 0.828490 0.925633
vt 0.828490 0.967078
vt 0.625897 0.979298
vt 0.623251 0.976419
vt 0.623251 0.929923
vt 0.625897 0.929393
vt 0.895313 0.664426
vt 0.892433 0.661768
vt 0.892433 0.627709
vt 0.895313 0.626352
vt 0.815441 0.444964
vt 0.768945 0.444964
vt 0.768933 0.359007
vt 0.782942 0.351125
vt 0.796440 0.354004
vt 0.821388 0.359347
vt 0.820237 0.376057
vt 0.338689 0.201254
vt 0.393228 0.168000
vt 0.397131 0.172728
vt 0.430504 0.213222
vt 0.429094 0.255493
vt 0.387920 0.346810
vt 0.385432 0.352305
vt 0.375991 0.357202
vt 0.321208 0.350682
vt 0.321208 0.211928
vt 0.230761 0.522413
vt 0.241152 0.537701
vt 0.255538 0.558925
vt 0.255538 0.611135
vt 0.245676 0.623693
vt 0.241932 0.628450
vt 0.227405 0.646854
vt 0.170226 0.679017
vt 0.170226 0.553856
vt 0.911445 0.912492
vt 0.911445 0.826535
vt 0.914325 0.823890
vt 0.914325 0.910887
vt 0.403577 0.774778
vt 0.406520 0.773006
vt 0.406520 0.898167
vt 0.403577 0.899849
vt 0.403577 0.812852
vt 0.292579 0.470962
vt 0.316163 0.516358
vt 0.282104 0.516358
vt 0.282110 0.470232
vt 0.166413 0.928872
vt 0.166413 0.974997
vt 0.163754 0.977878
vt 0.163754 0.927973
vt 0.942024 0.796292
vt 0.942024 0.917245
vt 0.920086 0.921348
vt 0.920086 0.861902
vt 0.921910 0.858983
vt 0.920868 0.856171
vt 0.920867 0.811592
vt 0.161584 0.932396
vt 0.139948 0.878565
vt 0.139948 0.858180
vt 0.161585 0.847957
vt 0.161585 0.858397
vt 0.160519 0.861023
vt 0.161585 0.863685
vt 0.161585 0.949059
vt 0.139950 0.942144
vt 0.942421 0.471795
vt 0.941279 0.497064
vt 0.922102 0.463135
vt 0.922376 0.457063
vt 0.919757 0.515109
vt 0.940663 0.510736
vt 0.920228 0.550297
vt 0.940842 0.524106
vt 0.939845 0.526841
vt 0.941691 0.529673
vt 0.942421 0.584239
vt 0.961585 0.728627
vt 0.961585 0.710474
vt 0.983677 0.670738
vt 0.983678 0.748334
vt 0.961585 0.705782
vt 0.972850 0.677686
vt 0.983678 0.666059
vt 0.961586 0.693395
vt 0.963423 0.687781
vt 0.799413 0.982816
vt 0.789783 0.978658
vt 0.777526 0.947637
vt 0.777526 0.932172
vt 0.799413 0.936654
vt 0.779346 0.974215
vt 0.777526 0.969107
vt 0.740205 0.316280
vt 0.740205 0.326920
vt 0.729528 0.338685
vt 0.720233 0.348901
vt 0.720233 0.307462
vt 0.730621 0.312018
s 1
usemtl DestructibleWall
f 597/642/117 596/643/117 598/644/117 599/645/117
f 602/646/118 600/647/118 601/648/118 603/649/118
f 606/650/119 604/651/119 605/652/119 607/653/119
f 612/654/120 611/655/120 610/656/120 608/657/120 609/658/120 614/659/120 613/660/120
f 618/661/121 617/662/121 615/663/121 616/664/121 624/665/121 623/666/121 622/667/121 621/668/121 620/669/121 619/670/121
f 628/671/120 629/672/120 630/673/120 631/674/120 632/675/120 633/676/120 626/677/120 625/678/120 627/679/120
f 634/680/119 636/681/119 637/682/119 635/683/119
f 641/684/122 642/685/122 639/686/122 638/687/122 640/688/122
f 643/689/120 644/690/120 646/691/120 645/692/120
f 647/693/123 649/694/123 650/695/123 648/696/123
s 0
f 656/697/124 680/698/124 652/699/124 651/700/124 653/701/124 654/702/124 655/703/124
f 660/704/125 662/705/125 656/706/125 655/707/125 657/708/125 658/709/125 659/710/125
f 661/711/126 663/712/126 662/705/126 660/704/126
f 661/713/127 666/714/127 664/715/127 663/716/127
f 665/717/128 664/715/128 666/714/128 667/718/128
f 672/719/129 665/717/129 667/718/129 668/720/129 669/721/129 670/722/129 671/723/129
f 671/724/130 673/725/130 674/726/130 672/727/130
f 674/726/131 673/725/131 675/728/131 676/729/131 679/730/131
f 676/729/132 675/728/132 677/731/132 678/732/132
f 681/733/133 682/734/133 683/735/133 652/736/133 680/737/133
f 683/735/134 682/734/134 684/738/134 685/739/134
s 1
f 688/740/135 689/741/135 690/742/135 691/743/135 687/744/135 686/745/135
g SM_Env_Wall_Interior_Ground_01_cell.104_SM_Env_Wall_Interior_Ground_01_cell.129
v 3.172096 0.000000 0.150000
v 3.804632 0.000000 0.150000
v 3.043096 0.000000 0.000000
v 3.902545 0.000000 0.000000
v 3.188677 0.021806 0.163605
v 3.172096 0.000000 0.150000
v 3.793843 0.021806 0.163605
v 3.804632 0.000000 0.150000
v 3.043096 0.000000 0.000000
v 3.181395 0.616982 0.000000
v 3.902545 0.000000 0.000000
v 3.869263 0.380328 0.000000
v 3.863870 0.441326 0.000000
v 3.261369 0.596458 0.000000
v 3.626058 0.350569 0.163605
v 3.282063 0.438852 0.163605
v 3.768035 0.314013 0.163605
v 3.791251 0.051429 0.163605
v 3.793843 0.021806 0.163605
v 3.188677 0.021806 0.163605
v 3.172096 0.000000 0.150000
v 3.188677 0.021806 0.163605
v 3.043096 0.000000 0.000000
v 3.181395 0.616982 0.000000
v 3.282063 0.438852 0.163605
v 3.261369 0.596458 0.000000
v 3.626058 0.350569 0.163605
v 3.863870 0.441326 0.000000
v 3.869263 0.380328 0.000000
v 3.768035 0.314013 0.163605
v 3.791251 0.051429 0.163605
v 3.793843 0.021806 0.163605
v 3.804632 0.000000 0.150000
v 3.902545 0.000000 0.000000
vn -0.0000 -1.0000 -0.0000
vn -0.0000 -0.5293 0.8484
vn -0.0000 -0.0000 -1.0000
vn -0.0000 -0.0000 1.0000
vn -0.7476 0.1675 0.6427
vn 0.1846 0.7194 0.6696
vn 0.1854 0.7199 0.6688
vn 0.8344 0.0738 0.5462
vn 0.8351 0.0731 0.5451
vt 0.942024 0.813462
vt 0.961996 0.796292
vt 0.961996 0.910723
vt 0.942024 0.897681
vt 0.679949 0.923278
vt 0.679949 0.842693
vt 0.682812 0.840497
vt 0.682812 0.924726
vt 0.717500 0.196997
vt 0.696847 0.277204
vt 0.688727 0.277927
vt 0.638094 0.282392
vt 0.638094 0.168000
vt 0.720233 0.186350
vt 0.532436 0.841997
vt 0.527569 0.823091
vt 0.515816 0.777282
vt 0.571338 0.764855
vt 0.571338 0.845439
vt 0.567394 0.845094
vt 0.964394 0.184390
vt 0.964393 0.129321
vt 0.984688 0.104733
vt 0.984688 0.186201
vt 0.966082 0.187180
vt 0.623818 0.683923
vt 0.623816 0.730099
vt 0.601128 0.680238
vt 0.601128 0.669503
vt 0.623816 0.749158
vt 0.601128 0.761117
vt 0.168399 0.936279
vt 0.168399 0.928125
vt 0.191161 0.944015
vt 0.191159 0.979117
vt 0.191159 0.983076
vt 0.189266 0.986085
vt 0.168399 0.987117
s 1
usemtl DestructibleWall
f 692/746/136 694/747/136 695/748/136 693/749/136
f 698/750/137 696/751/137 697/752/137 699/753/137
f 705/754/138 704/755/138 703/756/138 702/757/138 700/758/138 701/759/138
f 708/760/139 706/761/139 707/762/139 711/763/139 710/764/139 709/765/139
s 0
f 713/766/140 716/767/140 715/768/140 714/769/140 712/770/140
f 716/771/141 718/772/141 717/773/141 715/774/141
f 717/773/142 718/772/142 721/775/142 719/776/142
f 720/777/143 719/778/143 721/779/143 722/780/143
f 723/781/144 724/782/144 725/783/144 720/777/144 722/780/144
g SM_Env_Wall_Interior_Ground_01_cell.110_SM_Env_Wall_Interior_Ground_01_cell.135
v 2.618032 2.211398 0.157774
v 2.863087 2.075064 0.157774
v 2.670597 2.254590 0.157774
v 2.736042 2.308120 0.157774
v 2.859684 2.328805 0.157774
v 3.011644 2.353846 0.157774
v 3.072660 2.075064 0.157774
v 3.148985 1.842656 0.114498
v 3.223149 1.809335 0.000000
v 3.116576 1.666022 0.000000
v 2.963537 2.019256 0.157774
v 3.128071 2.245980 0.000000
v 3.082117 2.041139 0.154321
v 3.101292 1.942941 0.157774
v 3.082139 2.031453 0.157774
v 3.082006 2.053258 0.150000
v 3.072660 2.075064 0.157774
v 3.011644 2.353846 0.157774
v 2.859684 2.328805 0.157774
v 3.093226 2.405186 0.000000
v 3.056770 2.399179 0.000000
v 2.586591 2.320517 0.000000
v 2.736042 2.308120 0.157774
v 2.337721 2.116955 0.000000
v 2.670597 2.254590 0.157774
v 2.325008 2.106509 0.000000
v 2.618032 2.211398 0.157774
v 3.030425 1.713886 0.000000
v 2.863087 2.075064 0.157774
v 2.878548 2.053258 0.150000
v 2.941583 2.031453 0.157774
v 3.116576 1.666022 0.000000
v 3.223149 1.809335 0.000000
v 3.030425 1.713886 0.000000
v 2.325008 2.106509 0.000000
v 2.337721 2.116955 0.000000
v 2.586591 2.320517 0.000000
v 3.056770 2.399179 0.000000
v 3.093226 2.405186 0.000000
v 3.128071 2.245980 0.000000
v 2.863087 2.075064 0.157774
v 2.878548 2.053258 0.150000
v 3.072660 2.075064 0.157774
v 3.082006 2.053258 0.150000
v 2.878548 2.053258 0.150000
v 2.941583 2.031453 0.157774
v 3.082006 2.053258 0.150000
v 3.082117 2.041139 0.154321
v 3.082139 2.031453 0.157774
v 2.963537 2.019256 0.157774
v 2.941583 2.031453 0.157774
v 3.101292 1.942941 0.157774
v 3.082139 2.031453 0.157774
vn -0.0000 -0.0000 1.0000
vn 0.8485 0.1848 0.4958
vn 0.6594 -0.4904 0.5698
vn -0.2716 -0.4882 0.8294
vn -0.2697 -0.4868 0.8308
vn 0.8470 0.1854 0.4983
vn 0.8429 0.1824 0.5063
vn -0.1582 0.9601 0.2306
vn -0.1607 0.9604 0.2277
vn -0.5283 0.6459 0.5512
vn -0.5285 0.6432 0.5540
vn -0.0000 -0.0000 -1.0000
vn -0.0000 -0.3358 0.9419
vn -0.0000 0.3358 0.9419
vt 0.129964 0.402194
vt 0.125428 0.410035
vt 0.102214 0.380785
vt 0.097678 0.353249
vt 0.135620 0.355237
vt 0.135620 0.375745
vt 0.135579 0.392438
vt 0.833675 0.875538
vt 0.849523 0.929143
vt 0.833677 0.934497
vt 0.834996 0.952402
vt 0.812372 0.545431
vt 0.812372 0.652936
vt 0.812362 0.666059
vt 0.790056 0.658474
vt 0.781649 0.625491
vt 0.781651 0.622147
vt 0.783173 0.613395
vt 0.781660 0.610190
vt 0.781667 0.572847
vt 0.781607 0.646462
vt 0.833676 0.854038
vt 0.855517 0.859787
vt 0.855515 0.897434
vt 0.854439 0.900437
vt 0.855037 0.902041
vt 0.855515 0.903323
vt 0.855517 0.915273
vt 0.916264 0.096109
vt 0.937481 0.069991
vt 0.937484 0.090106
vt 0.916264 0.100934
vt 0.916264 0.033878
vt 0.937481 0.053626
vt 0.917265 0.001646
vt 0.937745 0.045151
vt 0.917316 -0.000000
vt 0.937957 0.038344
vt 0.105533 0.700647
vt 0.081970 0.697542
vt 0.081960 0.684420
vt 0.081960 0.576928
vt 0.083998 0.577729
vt 0.123776 0.593479
vt 0.163354 0.643064
vt 0.166413 0.646915
vt 0.150154 0.661287
vt 0.819271 0.322152
vt 0.819271 0.349245
vt 0.816391 0.347994
vt 0.816391 0.320087
vt 0.170135 0.908016
vt 0.170135 0.926733
vt 0.168835 0.926733
vt 0.167209 0.926721
vt 0.167209 0.899628
vt 0.834487 0.651093
vt 0.843555 0.634720
vt 0.843559 0.638064
vt 0.843559 0.659035
s 1
usemtl DestructibleWall
f 728/784/145 726/785/145 727/786/145 732/787/145 731/788/145 730/789/145 729/790/145
s 0
f 737/791/146 733/792/146 734/793/146
f 733/792/147 735/794/147 734/793/147
f 751/795/148 753/796/148 735/797/148 733/798/148 736/799/148 756/800/148 755/801/148 754/802/148 752/803/148
f 733/798/149 739/804/149 736/799/149
f 737/791/150 745/805/150 743/806/150 742/807/150 741/808/150 738/809/150 733/792/150
f 738/809/151 740/810/151 739/811/151 733/792/151
f 746/812/152 744/813/152 743/814/152 745/815/152
f 747/816/153 748/817/153 744/813/153 746/812/153
f 747/816/154 749/818/154 750/819/154 748/817/154
f 749/818/155 751/820/155 752/821/155 750/819/155
s 1
f 758/822/156 757/823/156 759/824/156 760/825/156 761/826/156 762/827/156 763/828/156 764/829/156 765/830/156
f 767/831/157 769/832/157 768/833/157 766/834/157
f 771/835/158 774/836/158 773/837/158 772/838/158 770/839/158
f 778/840/145 776/841/145 775/842/145 777/843/145
g SM_Env_Wall_Interior_Ground_01_cell.123_SM_Env_Wall_Interior_Ground_01_cell.148
v 0.457148 1.390645 0.157774
v 0.454232 1.368839 0.150000
v 0.605095 1.390645 0.157774
v 0.625008 1.368839 0.150000
v 0.644920 1.390645 0.157774
v 1.197238 1.390645 0.157774
v 0.625008 1.368839 0.150000
v 1.197340 1.368839 0.150000
v 0.951709 1.814985 0.005816
v 0.962506 1.794435 0.157774
v 1.105328 1.800714 0.157774
v 0.949668 1.815102 0.000000
v 0.939448 1.810899 0.000000
v 0.975055 1.812264 0.000000
v 1.110679 1.800116 0.157774
v 1.004226 1.808886 0.000000
v 1.232074 1.786059 0.157774
v 1.171575 1.789001 0.000000
v 1.242940 1.784768 0.157774
v 1.189902 1.786525 0.000000
v 1.273661 1.778727 0.102651
v 1.297434 1.649899 0.000000
v 1.295041 1.632237 0.000000
v 1.250958 1.774588 0.157774
v 1.228847 1.159298 0.000000
v 1.149393 1.048738 0.157774
v 0.748630 0.233254 0.000000
v 0.712775 0.208093 0.163605
v 0.208015 0.322011 0.000000
v 0.281355 0.563951 0.000000
v 0.125093 0.304466 0.163605
v 0.233660 0.662614 0.163605
v 0.246723 0.684419 0.150000
v 0.249645 0.706225 0.157774
v 0.434367 1.315599 0.157774
v 0.443909 1.347033 0.157774
v 0.454232 1.368839 0.150000
v 0.457148 1.390645 0.157774
v 0.522908 1.607277 0.157774
v 0.618306 1.673963 0.000000
v 0.583353 1.633070 0.157774
v 0.848336 1.772122 0.000000
v 0.605095 1.642323 0.157774
v 0.625008 1.652093 0.150000
v 0.644920 1.659273 0.157774
v 0.948425 0.662614 0.163605
v 0.961637 0.684419 0.150000
v 0.971849 0.706225 0.157774
v 1.191136 1.347033 0.157774
v 1.197340 1.368839 0.150000
v 1.197238 1.390645 0.157774
v 1.252168 1.783521 0.157774
v 0.605095 1.390645 0.157774
v 0.605095 1.642323 0.157774
v 0.625008 1.368839 0.150000
v 0.625008 1.652093 0.150000
v 1.228847 1.159298 0.000000
v 1.295041 1.632237 0.000000
v 0.748630 0.233254 0.000000
v 0.208015 0.322011 0.000000
v 0.281355 0.563951 0.000000
v 0.618306 1.673963 0.000000
v 0.848336 1.772122 0.000000
v 0.939448 1.810899 0.000000
v 0.949668 1.815102 0.000000
v 0.975055 1.812264 0.000000
v 1.004226 1.808886 0.000000
v 1.171575 1.789001 0.000000
v 1.189902 1.786525 0.000000
v 1.297434 1.649899 0.000000
v 1.149393 1.048738 0.157774
v 1.191136 1.347033 0.157774
v 0.971849 0.706225 0.157774
v 0.249645 0.706225 0.157774
v 0.434367 1.315599 0.157774
v 0.443909 1.347033 0.157774
v 1.250958 1.774588 0.157774
v 1.197238 1.390645 0.157774
v 1.252168 1.783521 0.157774
v 1.242940 1.784768 0.157774
v 1.232074 1.786059 0.157774
v 1.110679 1.800116 0.157774
v 1.105328 1.800714 0.157774
v 0.962506 1.794435 0.157774
v 0.644920 1.659273 0.157774
v 0.644920 1.390645 0.157774
v 1.191136 1.347033 0.157774
v 1.197340 1.368839 0.150000
v 0.443909 1.347033 0.157774
v 0.454232 1.368839 0.150000
v 0.625008 1.368839 0.150000
v 0.948425 0.662614 0.163605
v 0.961637 0.684419 0.150000
v 0.233660 0.662614 0.163605
v 0.246723 0.684419 0.150000
v 0.971849 0.706225 0.157774
v 0.961637 0.684419 0.150000
v 0.249645 0.706225 0.157774
v 0.246723 0.684419 0.150000
v 0.712775 0.208093 0.163605
v 0.125093 0.304466 0.163605
v 0.948425 0.662614 0.163605
v 0.233660 0.662614 0.163605
v 0.583353 1.633070 0.157774
v 0.605095 1.642323 0.157774
v 0.522908 1.607277 0.157774
v 0.457148 1.390645 0.157774
v 0.605095 1.390645 0.157774
v 0.644920 1.659273 0.157774
v 0.625008 1.652093 0.150000
v 0.644920 1.390645 0.157774
v 0.625008 1.368839 0.150000
vn -0.0000 -0.3358 0.9419
vn -0.3761 0.9143 0.1504
vn -0.0435 0.9896 0.1369
vn 0.1111 0.9936 -0.0190
vn 0.1150 0.9931 -0.0224
vn 0.1180 0.9927 -0.0267
vn 0.1338 0.9904 -0.0340
vn 0.6755 0.5317 -0.5108
vn 0.9207 -0.1248 0.3698
vn 0.9190 -0.1286 0.3727
vn 0.8810 -0.4568 0.1231
vn -0.1591 -0.9699 -0.1844
vn -0.8714 0.2642 -0.4133
vn -0.8707 0.2643 -0.4148
vn -0.3881 0.9094 0.1497
vn -0.3871 0.9095 0.1515
vn 0.3637 -0.0000 0.9315
vn -0.0000 -0.0000 -1.0000
vn -0.0000 -0.0000 1.0000
vn -0.0000 0.3358 0.9419
vn -0.0000 0.5293 0.8484
vn -0.3637 -0.0000 0.9315
vt 0.721416 0.167886
vt 0.718536 0.165227
vt 0.718536 0.145526
vt 0.721416 0.145145
vt 0.457047 0.949428
vt 0.454167 0.949407
vt 0.454167 0.875860
vt 0.457047 0.873215
vt 0.734747 0.908269
vt 0.733970 0.908007
vt 0.733980 0.906665
vt 0.755103 0.909537
vt 0.755278 0.928517
vt 0.755289 0.929231
vt 0.734025 0.911398
vt 0.755558 0.945448
vt 0.734090 0.915295
vt 0.755583 0.946900
vt 0.734464 0.937652
vt 0.755604 0.948133
vt 0.748334 0.951108
vt 0.734507 0.940102
vt 0.422126 0.531361
vt 0.407757 0.548214
vt 0.409372 0.529003
vt 0.407712 0.550534
vt 0.429677 0.530767
vt 0.429654 0.531940
vt 0.428576 0.588076
vt 0.427824 0.627240
vt 0.406520 0.612628
vt 0.428686 0.582350
vt 0.427567 0.585208
vt 0.407701 0.730689
vt 0.428260 0.670907
vt 0.427245 0.673662
vt 0.429098 0.676487
vt 0.429677 0.734433
vt 0.961996 0.874762
vt 0.961996 0.796292
vt 0.983846 0.807241
vt 0.983846 0.879426
vt 0.854264 0.238127
vt 0.856136 0.235237
vt 0.855066 0.232376
vt 0.855064 0.152129
vt 0.876770 0.250905
vt 0.876771 0.282766
vt 0.854265 0.285290
vt 0.855064 0.147990
vt 0.856134 0.145108
vt 0.855064 0.142247
vt 0.855064 0.113720
vt 0.876771 0.104733
vt 0.755604 0.851848
vt 0.755535 0.859780
vt 0.734084 0.894708
vt 0.734348 0.864523
vt 0.755510 0.862634
vt 0.754445 0.865254
vt 0.755465 0.867860
vt 0.049648 0.934494
vt 0.049648 0.968000
vt 0.046990 0.970881
vt 0.046990 0.933171
vt -0.000000 0.379534
vt 0.000000 0.225132
vt 0.025507 0.203755
vt 0.035614 0.195300
vt 0.036754 0.194371
vt 0.040098 0.193753
vt 0.043944 0.193058
vt 0.066032 0.189137
vt 0.068462 0.188745
vt 0.087444 0.202002
vt 0.087822 0.204344
vt 0.097678 0.267146
vt 0.072313 0.403638
vt 0.000013 0.413183
vt 0.434689 0.592528
vt 0.515816 0.567942
vt 0.515816 0.664111
vt 0.470217 0.687747
vt 0.430504 0.693300
vt 0.430504 0.593798
vt 0.625931 0.764859
vt 0.625931 0.838407
vt 0.574816 0.845553
vt 0.573627 0.845714
vt 0.573461 0.844485
vt 0.573289 0.843038
vt 0.571417 0.826873
vt 0.571338 0.826161
vt 0.572174 0.807142
vt 0.590168 0.764855
vt 0.397560 0.812433
vt 0.397560 0.911935
vt 0.394634 0.912767
vt 0.394634 0.836554
vt 0.394634 0.813814
vt 0.240425 0.910635
vt 0.237482 0.912406
vt 0.237482 0.817207
vt 0.240425 0.815456
vt 0.917206 0.824273
vt 0.920086 0.823890
vt 0.920086 0.919089
vt 0.917205 0.920442
vt 0.777526 0.666060
vt 0.777526 0.745363
vt 0.712736 0.766531
vt 0.728135 0.672605
vt 0.751153 0.312128
vt 0.759905 0.340968
vt 0.740205 0.340968
vt 0.740209 0.307462
vt 0.743104 0.308694
vt 0.046990 0.971813
vt 0.044345 0.968934
vt 0.044345 0.933171
vt 0.046990 0.934103
s 1
usemtl DestructibleWall
f 782/844/159 781/845/159 779/846/159 780/847/159
f 786/848/159 784/849/159 783/850/159 785/851/159
s 0
f 787/852/160 790/853/160 791/854/160 788/855/160
f 788/855/161 789/856/161 787/852/161
f 790/853/162 787/852/162 789/856/162 793/857/162 792/858/162
f 793/857/163 795/859/163 794/860/163 792/858/163
f 795/859/164 797/861/164 796/862/164 794/860/164
f 830/863/165 799/864/165 798/865/165 796/862/165 797/861/165
f 799/866/166 800/867/166 798/868/166
f 801/869/167 800/867/167 799/866/167 830/870/167 802/871/167
f 827/872/168 804/873/168 803/874/168 801/869/168 802/871/168 829/875/168 828/876/168
f 805/877/169 803/874/169 804/873/169 826/878/169 825/879/169 824/880/169 806/881/169
f 806/882/170 809/883/170 807/884/170 805/885/170
f 810/886/171 811/887/171 812/888/171 813/889/171 808/890/171 807/891/171 809/892/171
f 808/890/172 813/889/172 814/893/172 815/894/172 816/895/172 817/896/172 818/897/172
f 817/898/173 819/899/173 820/900/173 818/901/173
f 819/899/174 821/902/174 822/903/174 823/904/174 788/855/174 791/854/174 820/900/174
s 1
f 832/905/175 831/906/175 833/907/175 834/908/175
f 839/909/176 840/910/176 841/911/176 842/912/176 843/913/176 844/914/176 845/915/176 846/916/176 847/917/176 848/918/176 836/919/176 835/920/176 837/921/176 838/922/176
f 853/923/177 852/924/177 851/925/177 849/926/177 850/927/177 854/928/177
f 864/929/177 856/930/177 855/931/177 857/932/177 858/933/177 859/934/177 860/935/177 861/936/177 862/937/177 863/938/177
f 867/939/178 865/940/178 866/941/178 869/942/178 868/943/178
f 870/944/179 871/945/179 873/946/179 872/947/179
f 876/948/159 877/949/159 875/950/159 874/951/159
f 879/952/177 878/953/177 880/954/177 881/955/177
f 884/956/177 885/957/177 886/958/177 883/959/177 882/960/177
f 890/961/180 889/962/180 887/963/180 888/964/180
g SM_Env_Wall_Interior_Ground_01_cell.131_SM_Env_Wall_Interior_Ground_01_cell.156
v 3.551946 3.000000 0.000000
v 3.544318 3.000000 0.028323
v 2.433487 3.000000 0.000000
v 2.572969 3.000000 0.150000
v 3.375507 3.000000 0.150000
v 2.640317 2.758131 0.163605
v 2.632265 2.737678 0.150000
v 3.320939 2.758131 0.163605
v 3.308794 2.737678 0.150000
v 2.605598 2.911433 0.163605
v 2.592204 2.970813 0.163605
v 2.640317 2.758131 0.163605
v 3.320939 2.758131 0.163605
v 3.325596 2.764157 0.163605
v 3.352790 2.970813 0.163605
v 2.554645 2.462885 0.000000
v 2.586276 2.323221 0.000000
v 2.433487 3.000000 0.000000
v 3.551946 3.000000 0.000000
v 3.093688 2.407165 0.000000
v 2.644452 2.715872 0.157774
v 2.632265 2.737678 0.150000
v 3.289846 2.715872 0.157774
v 3.308794 2.737678 0.150000
v 2.736175 2.310866 0.157774
v 2.644452 2.715872 0.157774
v 3.011923 2.356505 0.157774
v 3.289846 2.715872 0.157774
v 3.551946 3.000000 0.000000
v 3.093688 2.407165 0.000000
v 3.544318 3.000000 0.028323
v 3.325596 2.764157 0.163605
v 3.375507 3.000000 0.150000
v 3.352790 2.970813 0.163605
v 3.320939 2.758131 0.163605
v 3.308794 2.737678 0.150000
v 3.289846 2.715872 0.157774
v 3.011923 2.356505 0.157774
v 2.736175 2.310866 0.157774
v 2.586276 2.323221 0.000000
v 2.644452 2.715872 0.157774
v 2.632265 2.737678 0.150000
v 2.640317 2.758131 0.163605
v 2.605598 2.911433 0.163605
v 2.554645 2.462885 0.000000
v 2.592204 2.970813 0.163605
v 2.572969 3.000000 0.150000
v 2.433487 3.000000 0.000000
v 3.352790 2.970813 0.163605
v 3.375507 3.000000 0.150000
v 2.592204 2.970813 0.163605
v 2.572969 3.000000 0.150000
vn -0.0000 1.0000 -0.0000
vn -0.0000 -0.5538 0.8326
vn -0.0000 -0.0000 1.0000
vn -0.0000 -0.0000 -1.0000
vn -0.0000 0.3358 0.9419
vn 0.7738 -0.5982 0.2085
vn 0.5830 -0.0767 0.8088
vn 0.1590 -0.9610 -0.2262
vn -0.7216 -0.1634 0.6728
vn -0.7225 -0.1630 0.6719
vn -0.0000 0.4225 0.9064
vt 0.487537 0.926458
vt 0.483769 0.927479
vt 0.483769 0.778623
vt 0.503723 0.797156
vt 0.503723 0.903966
vt 0.908519 0.823890
vt 0.908519 0.913978
vt 0.905836 0.915583
vt 0.905836 0.824951
vt 0.887949 0.101281
vt 0.887949 0.000000
vt 0.895854 0.001785
vt 0.916264 0.006411
vt 0.916264 0.097043
vt 0.915461 0.097663
vt 0.643475 0.148867
vt 0.564551 0.087928
vt 0.553375 0.020399
vt 0.571969 0.016176
vt 0.643475 0.000000
vt 0.626744 0.757062
vt 0.623818 0.759591
vt 0.623818 0.669503
vt 0.626744 0.671120
vt 0.825369 0.800311
vt 0.777526 0.837313
vt 0.777526 0.751371
vt 0.831445 0.763593
vt 0.406520 0.902309
vt 0.410352 0.902483
vt 0.428656 0.932789
vt 0.428656 0.933542
vt 0.426815 0.936016
vt 0.427867 0.938789
vt 0.427868 0.983705
vt 0.406520 0.976408
vt 0.065444 0.611550
vt 0.081824 0.627096
vt 0.081402 0.632040
vt 0.065444 0.654742
vt 0.245757 0.974126
vt 0.245757 0.937518
vt 0.266844 0.917593
vt 0.266844 0.984958
vt 0.948306 0.574928
vt 0.968510 0.634673
vt 0.968511 0.653411
vt 0.949030 0.655488
vt 0.949027 0.601150
vt 0.949987 0.598204
vt 0.948307 0.595496
vt 0.968511 0.562612
vt 0.948306 0.566961
vt 0.949986 0.563010
vt 0.073015 0.736493
vt 0.076941 0.739043
vt 0.076941 0.840324
vt 0.073015 0.843360
s 1
usemtl DestructibleWall
f 892/965/181 891/966/181 893/967/181 894/968/181 895/969/181
f 897/970/182 899/971/182 898/972/182 896/973/182
f 905/974/183 901/975/183 900/976/183 902/977/183 903/978/183 904/979/183
f 909/980/184 910/981/184 907/982/184 906/983/184 908/984/184
f 913/985/185 914/986/185 912/987/185 911/988/185
f 917/989/183 918/990/183 916/991/183 915/992/183
s 0
f 919/993/186 921/994/186 922/995/186 925/996/186 926/997/186 927/998/186 928/999/186 920/1000/186
f 921/1001/187 923/1002/187 924/1003/187 922/1004/187
f 928/1005/188 929/1006/188 930/1007/188 920/1008/188
f 934/1009/189 935/1010/189 930/1011/189 929/1012/189 931/1013/189 932/1014/189 933/1015/189
f 938/1016/190 935/1010/190 934/1009/190 936/1017/190 937/1018/190
s 1
f 942/1019/191 941/1020/191 939/1021/191 940/1022/191
g SM_Env_Wall_Interior_Ground_01_cell.151_SM_Env_Wall_Interior_Ground_01_cell.176
v 2.202461 2.075064 0.157774
v 2.480095 2.165926 0.157774
v 2.480095 2.075064 0.157774
v 3.148365 1.842402 0.116299
v 3.154858 1.850331 0.157774
v 3.102914 1.938308 0.157774
v 2.505650 2.001915 0.000000
v 3.115234 1.662332 0.000000
v 3.039898 0.844232 0.000000
v 2.869889 0.869581 0.157774
v 3.057571 0.798558 0.157774
v 2.324143 1.352711 0.155750
v 3.000321 0.879163 0.000000
v 2.007937 1.755219 0.000000
v 2.001952 1.777648 0.000000
v 2.043166 1.599148 0.157774
v 1.953451 1.935369 0.157774
v 2.279356 1.390645 0.157774
v 2.311033 1.368839 0.150000
v 1.942842 1.974802 0.157774
v 2.012983 1.820732 0.000000
v 1.947820 1.991727 0.157774
v 2.072696 2.023251 0.000000
v 2.069204 2.031453 0.157774
v 2.137239 2.053258 0.150000
v 2.202461 2.075064 0.157774
v 2.480095 2.165926 0.157774
v 2.500008 2.171982 0.150000
v 2.519920 2.178959 0.157774
v 2.614699 2.209971 0.157774
v 2.321185 2.104550 0.000000
v 2.857167 2.075064 0.157774
v 2.872559 2.053258 0.150000
v 2.935549 2.031453 0.157774
v 2.328766 1.347033 0.157774
v 2.480095 1.213510 0.157774
v 2.500008 1.202082 0.150000
v 2.519920 1.178371 0.157774
v 3.108308 1.347033 0.157774
v 3.109246 1.368839 0.150000
v 3.111367 1.383776 0.155325
v 3.125008 1.539220 0.150000
v 3.144920 1.742867 0.157774
v 3.125008 1.897340 0.150000
v 3.144920 1.867163 0.157774
v 2.480095 1.347033 0.157774
v 2.480095 1.213510 0.157774
v 2.500008 1.368839 0.150000
v 2.500008 1.202082 0.150000
v 2.480095 2.075064 0.157774
v 2.480095 2.165926 0.157774
v 2.500008 2.053258 0.150000
v 2.500008 2.171982 0.150000
v 2.519920 2.075064 0.157774
v 2.519920 2.178959 0.157774
v 2.500008 2.053258 0.150000
v 2.500008 2.171982 0.150000
v 2.519920 1.347033 0.157774
v 3.108308 1.347033 0.157774
v 2.500008 1.368839 0.150000
v 3.109246 1.368839 0.150000
v 3.105095 1.390645 0.157774
v 3.102914 1.938308 0.157774
v 2.279356 1.390645 0.157774
v 2.043166 1.599148 0.157774
v 1.953451 1.935369 0.157774
v 1.942842 1.974802 0.157774
v 1.947820 1.991727 0.157774
v 2.069204 2.031453 0.157774
v 2.935549 2.031453 0.157774
v 3.154858 1.850331 0.157774
v 3.144920 1.742867 0.157774
v 3.144920 1.867163 0.157774
v 3.144920 1.867163 0.157774
v 3.125008 1.897340 0.150000
v 3.144920 1.742867 0.157774
v 3.125008 1.539220 0.150000
v 3.125008 1.897340 0.150000
v 3.102914 1.938308 0.157774
v 3.125008 1.539220 0.150000
v 3.111367 1.383776 0.155325
v 3.105095 1.390645 0.157774
v 2.321185 2.104550 0.000000
v 2.072696 2.023251 0.000000
v 2.505650 2.001915 0.000000
v 3.115234 1.662332 0.000000
v 3.039898 0.844232 0.000000
v 3.000321 0.879163 0.000000
v 2.007937 1.755219 0.000000
v 2.001952 1.777648 0.000000
v 2.012983 1.820732 0.000000
v 2.614699 2.209971 0.157774
v 2.857167 2.075064 0.157774
v 2.519920 2.178959 0.157774
v 2.519920 2.075064 0.157774
v 2.872559 2.053258 0.150000
v 2.935549 2.031453 0.157774
v 2.500008 2.053258 0.150000
v 2.137239 2.053258 0.150000
v 2.069204 2.031453 0.157774
v 2.869889 0.869581 0.157774
v 3.057571 0.798558 0.157774
v 2.519920 1.178371 0.157774
v 2.519920 1.347033 0.157774
v 3.108308 1.347033 0.157774
v 2.324143 1.352711 0.155750
v 2.328766 1.347033 0.157774
v 2.311033 1.368839 0.150000
v 2.500008 1.368839 0.150000
v 2.480095 1.347033 0.157774
v 2.519920 1.178371 0.157774
v 2.500008 1.202082 0.150000
v 2.519920 1.347033 0.157774
v 2.500008 1.368839 0.150000
v 2.202461 2.075064 0.157774
v 2.137239 2.053258 0.150000
v 2.480095 2.075064 0.157774
v 2.500008 2.053258 0.150000
v 3.111367 1.383776 0.155325
v 3.105095 1.390645 0.157774
v 3.109246 1.368839 0.150000
v 2.500008 1.368839 0.150000
v 2.311033 1.368839 0.150000
v 2.279356 1.390645 0.157774
v 2.857167 2.075064 0.157774
v 2.872559 2.053258 0.150000
v 2.519920 2.075064 0.157774
v 2.500008 2.053258 0.150000
v 2.328766 1.347033 0.157774
v 2.480095 1.347033 0.157774
v 2.480095 1.213510 0.157774
vn -0.0000 -0.0000 1.0000
vn 0.9864 -0.0912 -0.1369
vn 0.8388 0.4953 -0.2260
vn 0.2712 0.4873 -0.8300
vn 0.2710 0.4865 -0.8305
vn 0.9859 -0.0908 -0.1403
vn -0.5692 -0.6451 -0.5097
vn -0.3448 -0.9113 -0.2252
vn -0.5690 -0.6446 -0.5106
vn -0.9654 -0.2576 -0.0393
vn -0.9650 -0.2596 -0.0371
vn -0.7848 0.2314 -0.5749
vn -0.8037 0.2058 -0.5583
vn -0.3105 0.9489 -0.0563
vn 0.3637 -0.0000 0.9315
vn -0.3637 -0.0000 0.9315
vn -0.0000 0.3358 0.9419
vn 0.3462 0.0008 0.9381
vn -0.0000 -0.0000 -1.0000
vn -0.0000 -0.3358 0.9419
vt 0.065444 0.701356
vt 0.076941 0.697595
vt 0.076941 0.736493
vt 0.756035 0.910948
vt 0.770809 0.779684
vt 0.776257 0.778746
vt 0.776312 0.792910
vt 0.775395 0.819732
vt 0.776175 0.840234
vt 0.775483 0.842189
vt 0.776516 0.845083
vt 0.776798 0.917375
vt 0.776798 0.766530
vt 0.775534 0.772188
vt 0.776361 0.776409
vt 0.851947 0.425296
vt 0.843932 0.436890
vt 0.821400 0.352056
vt 0.821388 0.323949
vt 0.851921 0.350905
vt 0.851935 0.387850
vt 0.850433 0.391071
vt 0.851940 0.399793
vt 0.821388 0.444964
vt 0.755618 0.803115
vt 0.462500 0.822581
vt 0.462773 0.821948
vt 0.483769 0.918143
vt 0.462500 0.895740
vt 0.462500 0.848424
vt 0.463548 0.845704
vt 0.462500 0.843040
vt 0.462701 0.920892
vt 0.462500 0.783968
vt 0.483769 0.778623
vt 0.483769 0.912793
vt 0.463548 0.820155
vt 0.462500 0.815901
vt 0.899415 0.964257
vt 0.899415 0.967270
vt 0.878404 0.987847
vt 0.878405 0.942671
vt 0.878404 0.937372
vt 0.878499 0.935144
vt 0.900773 0.931926
vt 0.899640 0.958578
vt 0.963287 0.443308
vt 0.963287 0.455786
vt 0.942361 0.417536
vt 0.942361 0.384820
vt 0.963287 0.367985
vt 0.963287 0.383967
vt 0.962256 0.392943
vt 0.963287 0.401511
vt 0.963287 0.438065
vt 0.962256 0.440706
vt 0.394339 0.148677
vt 0.394339 0.166454
vt 0.391681 0.167952
vt 0.391681 0.145752
vt 0.419117 0.146581
vt 0.419117 0.158677
vt 0.416459 0.161558
vt 0.416459 0.145752
vt 0.410896 0.162464
vt 0.408251 0.159584
vt 0.408251 0.145752
vt 0.410896 0.146658
vt 0.078552 0.857972
vt 0.081477 0.860617
vt 0.081477 0.938968
vt 0.078552 0.939099
vt 0.328750 0.529003
vt 0.334000 0.530416
vt 0.378761 0.542369
vt 0.406520 0.573824
vt 0.406520 0.683781
vt 0.333608 0.683480
vt 0.321208 0.661192
vt 0.321208 0.545828
vt 0.326497 0.529665
vt 0.170226 0.208987
vt 0.170226 0.225535
vt 0.168902 0.211228
vt 0.973152 0.768922
vt 0.973152 0.752375
vt 0.975797 0.748334
vt 0.975797 0.796011
vt 0.459974 0.873215
vt 0.459974 0.946127
vt 0.459140 0.947038
vt 0.457237 0.926335
vt 0.457047 0.878659
vt 0.578252 0.368757
vt 0.584258 0.396214
vt 0.604065 0.486987
vt 0.515816 0.551589
vt 0.515816 0.544560
vt 0.515816 0.368291
vt 0.517526 0.365716
vt 0.522796 0.363019
vt 0.548258 0.351125
vt 0.857906 0.619516
vt 0.871738 0.619518
vt 0.871738 0.664426
vt 0.853778 0.632136
vt 0.166413 0.927973
vt 0.163487 0.919591
vt 0.163487 0.869982
vt 0.163487 0.821675
vt 0.166413 0.812609
vt 0.081960 0.778666
vt 0.089168 0.700647
vt 0.111527 0.702716
vt 0.148174 0.752908
vt 0.155290 0.778666
vt 0.948227 0.554061
vt 0.948227 0.574212
vt 0.945301 0.576870
vt 0.945301 0.551706
vt 0.947465 0.553447
vt 0.052293 0.958551
vt 0.052293 0.936097
vt 0.054938 0.933171
vt 0.054938 0.955371
vt 0.599200 0.975667
vt 0.596320 0.973008
vt 0.596320 0.936038
vt 0.599200 0.927360
vt 0.234799 0.844845
vt 0.234799 0.925972
vt 0.232826 0.926250
vt 0.231918 0.925413
vt 0.231918 0.815456
vt 0.234799 0.819681
vt 0.679949 0.972279
vt 0.679949 0.927371
vt 0.682829 0.924726
vt 0.682829 0.974335
vt 0.325841 0.145752
vt 0.343617 0.165906
vt 0.325841 0.165903
s 1
usemtl DestructibleWall
f 945/1023/192 944/1024/192 943/1025/192
s 0
f 951/1026/193 946/1027/193 947/1028/193 985/1029/193 984/1030/193 983/1031/193 982/1032/193 981/1033/193 953/1034/193
f 948/1035/194 986/1036/194 987/1037/194 947/1028/194 946/1027/194
f 948/1038/195 946/1039/195 949/1040/195 973/1041/195 972/1042/195 974/1043/195 975/1044/195 976/1045/195
f 950/1046/196 949/1040/196 946/1039/196
f 951/1026/197 950/1047/197 946/1027/197
f 977/1048/198 954/1049/198 951/1050/198 952/1051/198 980/1052/198 979/1053/198 978/1054/198
f 953/1055/199 952/1051/199 951/1050/199
f 958/1056/200 956/1057/200 955/1058/200 951/1050/200 954/1049/200 961/1059/200 960/1060/200
f 957/1061/201 956/1062/201 958/1063/201 959/1064/201
f 957/1061/202 959/1064/202 962/1065/202
f 964/1066/203 965/1067/203 963/1068/203 962/1065/203
f 957/1061/204 962/1065/204 963/1068/204
f 971/1069/205 972/1070/205 973/1071/205 965/1072/205 964/1073/205 966/1074/205 967/1075/205 968/1076/205 969/1077/205 970/1078/205
s 1
f 988/1079/206 989/1080/206 991/1081/206 990/1082/206
f 993/1083/206 992/1084/206 994/1085/206 995/1086/206
f 998/1087/207 996/1088/207 997/1089/207 999/1090/207
f 1002/1091/208 1000/1092/208 1001/1093/208 1003/1094/208
f 1009/1095/192 1008/1096/192 1007/1097/192 1006/1098/192 1004/1099/192 1005/1100/192 1012/1101/192 1011/1102/192 1010/1103/192
f 1015/1104/192 1014/1105/192 1013/1106/192
f 1018/1107/207 1016/1108/207 1017/1109/207 1019/1110/207
f 1021/1111/209 1024/1112/209 1023/1113/209 1022/1114/209 1020/1115/209
f 1025/1116/210 1027/1117/210 1028/1118/210 1029/1119/210 1030/1120/210 1031/1121/210 1032/1122/210 1033/1123/210 1026/1124/210
f 1036/1125/192 1037/1126/192 1035/1127/192 1034/1128/192
f 1039/1129/208 1038/1130/208 1040/1131/208 1041/1132/208 1042/1133/208
f 1047/1134/192 1046/1135/192 1045/1136/192 1043/1137/192 1044/1138/192
f 1049/1139/208 1052/1140/208 1051/1141/208 1050/1142/208 1048/1143/208
f 1053/1144/207 1055/1145/207 1056/1146/207 1054/1147/207
f 1060/1148/211 1059/1149/211 1057/1150/211 1058/1151/211
f 1064/1152/211 1063/1153/211 1061/1154/211 1062/1155/211 1066/1156/211 1065/1157/211
f 1067/1158/211 1069/1159/211 1070/1160/211 1068/1161/211
f 1071/1162/192 1073/1163/192 1072/1164/192
g SM_Env_Wall_Interior_Ground_01_cell.156_SM_Env_Wall_Interior_Ground_01_cell.181
v 1.800772 0.021806 0.163605
v 1.766912 0.068327 0.163605
v 1.844924 0.000000 0.150000
v 2.156724 0.000000 0.000000
v 1.826398 0.453838 0.000000
v 1.798851 0.491575 0.000000
v 1.648856 0.230050 0.163605
v 1.750994 0.453922 0.000000
v 1.443764 0.068684 0.163605
v 1.430349 0.200450 0.000000
v 1.206416 0.000000 0.026924
v 1.177174 0.000000 0.000000
v 1.341901 0.000000 0.150000
v 1.384462 0.021806 0.163605
v 1.800772 0.021806 0.163605
v 1.844924 0.000000 0.150000
v 1.384462 0.021806 0.163605
v 1.341901 0.000000 0.150000
v 1.766912 0.068327 0.163605
v 1.800772 0.021806 0.163605
v 1.648856 0.230050 0.163605
v 1.443764 0.068684 0.163605
v 1.384462 0.021806 0.163605
v 2.156724 0.000000 0.000000
v 1.826398 0.453838 0.000000
v 1.177174 0.000000 0.000000
v 1.430349 0.200450 0.000000
v 1.750994 0.453922 0.000000
v 1.798851 0.491575 0.000000
v 1.206416 0.000000 0.026924
v 1.341901 0.000000 0.150000
v 1.177174 0.000000 0.000000
v 2.156724 0.000000 0.000000
v 1.844924 0.000000 0.150000
vn 0.4134 0.3009 0.8594
vn 0.4126 0.3012 0.8597
vn -0.5091 0.6471 0.5676
vn -0.5122 0.6479 0.5638
vn -0.5147 0.6501 0.5590
vn -0.0000 -0.5293 0.8484
vn -0.0000 -0.0000 1.0000
vn -0.0000 -0.0000 -1.0000
vn -0.0000 -1.0000 -0.0000
vt 0.118961 0.829688
vt 0.115884 0.835470
vt 0.081960 0.859627
vt 0.081960 0.784887
vt 0.118961 0.822026
vt 0.081969 0.778666
vt 0.118998 0.795366
vt 0.343858 0.943904
vt 0.321209 0.963607
vt 0.321208 0.957400
vt 0.343853 0.917303
vt 0.321208 0.915816
vt 0.324934 0.886733
vt 0.341970 0.904113
vt 0.343853 0.909612
vt 0.321210 0.882983
vt 0.716943 0.343485
vt 0.716943 0.288048
vt 0.719806 0.282392
vt 0.719806 0.349376
vt 0.810150 0.295953
vt 0.816391 0.288057
vt 0.816391 0.343493
vt 0.810198 0.338984
vt 0.788667 0.323260
vt 0.065444 0.694250
vt 0.060420 0.697920
vt 0.000000 0.741928
vt 0.000000 0.611550
vt 0.026686 0.645229
vt 0.060431 0.687883
vt 0.938699 0.108625
vt 0.942284 0.104733
vt 0.942284 0.235154
vt 0.922312 0.193634
vt 0.922312 0.126660
s 0
usemtl DestructibleWall
f 1074/1165/212 1076/1166/212 1077/1167/212 1078/1168/212 1075/1169/212
f 1075/1169/213 1078/1168/213 1079/1170/213 1080/1171/213
f 1080/1172/214 1079/1173/214 1081/1174/214 1082/1175/214
f 1083/1176/215 1084/1177/215 1086/1178/215 1087/1179/215 1082/1175/215 1081/1174/215
f 1084/1177/216 1083/1176/216 1085/1180/216
s 1
f 1088/1181/217 1090/1182/217 1091/1183/217 1089/1184/217
f 1095/1185/218 1096/1186/218 1093/1187/218 1092/1188/218 1094/1189/218
f 1102/1190/219 1098/1191/219 1097/1192/219 1099/1193/219 1100/1194/219 1101/1195/219
f 1103/1196/220 1105/1197/220 1106/1198/220 1107/1199/220 1104/1200/220
g SM_Env_Wall_Interior_Ground_01_cell.166_SM_Env_Wall_Interior_Ground_01_cell.191
v 4.491288 1.219569 0.157774
v 4.609054 1.231856 0.157774
v 4.495500 1.232279 0.000000
v 4.082143 0.706225 0.157774
v 4.064472 0.684419 0.150000
v 4.047603 0.662614 0.163605
v 3.770376 0.314809 0.163605
v 3.865651 0.442130 0.000000
v 3.793174 0.050214 0.163605
v 3.795720 0.021806 0.163605
v 3.870989 0.380173 0.000000
v 3.905066 0.000000 0.000000
v 3.806605 0.000000 0.150000
v 4.943388 1.279009 0.000000
v 5.000004 1.284834 0.000000
v 5.000008 1.272711 0.150000
v 4.980095 1.270034 0.157774
v 5.000008 0.000000 0.150000
v 3.806605 0.000000 0.150000
v 5.000004 0.021806 0.163605
v 3.795720 0.021806 0.163605
v 5.000004 0.000000 0.000000
v 3.905066 0.000000 0.000000
v 5.000008 0.000000 0.150000
v 3.806605 0.000000 0.150000
v 5.000008 0.684419 0.150000
v 4.064472 0.684419 0.150000
v 4.980095 0.706225 0.157774
v 4.082143 0.706225 0.157774
v 5.000004 0.662614 0.163605
v 4.047603 0.662614 0.163605
v 5.000008 0.684419 0.150000
v 4.064472 0.684419 0.150000
v 4.943388 1.279009 0.000000
v 4.495500 1.232279 0.000000
v 5.000004 1.284834 0.000000
v 5.000004 0.000000 0.000000
v 3.905066 0.000000 0.000000
v 3.870989 0.380173 0.000000
v 3.865651 0.442130 0.000000
v 4.491288 1.219569 0.157774
v 4.609054 1.231856 0.157774
v 4.082143 0.706225 0.157774
v 4.980095 0.706225 0.157774
v 4.980095 1.270034 0.157774
v 4.980095 1.270034 0.157774
v 5.000008 1.272711 0.150000
v 4.980095 0.706225 0.157774
v 5.000008 0.684419 0.150000
v 5.000004 1.284834 0.000000
v 5.000008 1.272711 0.150000
v 5.000004 0.000000 0.000000
v 5.000008 0.000000 0.150000
v 5.000004 0.021806 0.163605
v 5.000004 0.662614 0.163605
v 5.000008 0.684419 0.150000
v 3.770376 0.314809 0.163605
v 4.047603 0.662614 0.163605
v 3.793174 0.050214 0.163605
v 3.795720 0.021806 0.163605
v 5.000004 0.021806 0.163605
v 5.000004 0.662614 0.163605
vn -0.1035 0.9916 0.0771
vn -0.7816 0.6230 0.0295
vn -0.8365 -0.0721 -0.5432
vn -0.8336 -0.0747 -0.5472
vn -0.1020 0.9915 0.0801
vn -0.0000 -0.5293 0.8484
vn -0.0000 -1.0000 -0.0000
vn -0.0000 -0.3358 0.9419
vn -0.0000 0.5293 0.8484
vn -0.0000 -0.0000 -1.0000
vn -0.0000 -0.0000 1.0000
vn 0.3637 -0.0000 0.9315
vn 1.0000 -0.0000 -0.0000
vt 0.776683 0.932994
vt 0.755618 0.977416
vt 0.755621 0.918012
vt 0.776683 0.917375
vt 0.857974 0.287789
vt 0.878889 0.285290
vt 0.876321 0.387639
vt 0.854264 0.405016
vt 0.855394 0.359964
vt 0.857265 0.357066
vt 0.856307 0.354284
vt 0.876679 0.395902
vt 0.855792 0.440304
vt 0.857981 0.446968
vt 0.855958 0.444093
vt 0.878889 0.446609
vt 0.775645 0.984853
vt 0.755618 0.984925
vt 0.776683 0.982208
vt 0.078614 0.857959
vt 0.078614 0.697595
vt 0.081477 0.699057
vt 0.081477 0.857972
vt 0.919757 0.615963
vt 0.899785 0.615958
vt 0.899785 0.457063
vt 0.919757 0.470179
vt 0.403366 0.937010
vt 0.400486 0.934352
vt 0.400486 0.814779
vt 0.403366 0.812433
vt 0.506666 0.778623
vt 0.506666 0.905446
vt 0.503723 0.905458
vt 0.503723 0.780880
vt 0.313672 0.168770
vt 0.321208 0.168000
vt 0.321208 0.339050
vt 0.175472 0.338948
vt 0.170936 0.288333
vt 0.170226 0.280084
vt 0.254058 0.174950
vt 0.648558 0.070155
vt 0.650194 0.054473
vt 0.718536 -0.000000
vt 0.718536 0.119572
vt 0.643475 0.119562
vt 0.349523 0.883362
vt 0.349523 0.958423
vt 0.346865 0.961304
vt 0.346865 0.882983
vt 0.900132 0.748789
vt 0.900132 0.833862
vt 0.898326 0.836747
vt 0.878404 0.836633
vt 0.878404 0.666059
vt 0.898326 0.667783
vt 0.898326 0.745884
vt 0.167272 0.416564
vt 0.167272 0.576928
vt 0.081960 0.576916
vt 0.081960 0.450093
vt 0.128264 0.413183
vt 0.163490 0.416224
s 0
usemtl DestructibleWall
f 1109/1201/221 1121/1202/221 1110/1203/221 1108/1204/221
f 1108/1205/222 1110/1206/222 1115/1207/222 1114/1208/222 1113/1209/222 1112/1210/222 1111/1211/222
f 1118/1212/223 1116/1213/223 1114/1208/223 1115/1207/223
f 1120/1214/224 1117/1215/224 1116/1213/224 1118/1212/224 1119/1216/224
f 1123/1217/225 1122/1218/225 1121/1202/225 1109/1201/225 1124/1219/225
s 1
f 1127/1220/226 1128/1221/226 1126/1222/226 1125/1223/226
f 1129/1224/227 1131/1225/227 1132/1226/227 1130/1227/227
f 1133/1228/228 1135/1229/228 1136/1230/228 1134/1231/228
f 1138/1232/229 1137/1233/229 1139/1234/229 1140/1235/229
f 1141/1236/230 1143/1237/230 1144/1238/230 1145/1239/230 1146/1240/230 1147/1241/230 1142/1242/230
f 1149/1243/231 1148/1244/231 1150/1245/231 1151/1246/231 1152/1247/231
f 1153/1248/232 1155/1249/232 1156/1250/232 1154/1251/232
f 1162/1252/233 1161/1253/233 1160/1254/233 1159/1255/233 1157/1256/233 1158/1257/233 1163/1258/233
f 1167/1259/231 1168/1260/231 1169/1261/231 1165/1262/231 1164/1263/231 1166/1264/231
g SM_Env_Wall_Interior_Ground_01_cell.177_SM_Env_Wall_Interior_Ground_01_cell.202
v 0.893262 2.737678 0.150000
v 0.905667 2.715872 0.157774
v 0.251715 2.737678 0.150000
v 0.231681 2.715872 0.157774
v 0.952066 1.816619 0.008158
v 1.096377 1.834396 0.157774
v 1.103196 1.802344 0.157774
v 0.941273 1.829298 0.000000
v 0.965738 1.797435 0.157774
v 0.395957 2.451059 0.157774
v 0.851364 1.932427 0.000000
v 0.226515 2.649685 0.000000
v 0.199692 2.676350 0.157774
v 0.510069 3.000000 0.000000
v 0.464165 3.000000 0.150000
v 0.436361 2.970813 0.163605
v 0.264098 2.758131 0.163605
v 0.251715 2.737678 0.150000
v 0.231681 2.715872 0.157774
v 0.723722 2.075064 0.157774
v 0.742889 2.053258 0.150000
v 0.761738 2.031453 0.157774
v 0.927344 1.894305 0.000000
v 1.091982 1.854907 0.157774
v 0.688199 3.000000 0.000000
v 0.836479 3.000000 0.150000
v 0.856246 2.970813 0.163605
v 0.902284 2.758131 0.163605
v 0.893262 2.737678 0.150000
v 0.905667 2.715872 0.157774
v 1.044373 2.075064 0.157774
v 1.041395 2.053258 0.150000
v 1.053804 2.031453 0.157774
v 1.096377 1.834396 0.157774
v 1.103196 1.802344 0.157774
v 1.091982 1.854907 0.157774
v 1.053804 2.031453 0.157774
v 0.761738 2.031453 0.157774
v 0.965738 1.797435 0.157774
v 0.927344 1.894305 0.000000
v 0.688199 3.000000 0.000000
v 0.941273 1.829298 0.000000
v 0.851364 1.932427 0.000000
v 0.226515 2.649685 0.000000
v 0.510069 3.000000 0.000000
v 0.902284 2.758131 0.163605
v 0.893262 2.737678 0.150000
v 0.264098 2.758131 0.163605
v 0.251715 2.737678 0.150000
v 0.856246 2.970813 0.163605
v 0.836479 3.000000 0.150000
v 0.436361 2.970813 0.163605
v 0.464165 3.000000 0.150000
v 0.688199 3.000000 0.000000
v 0.836479 3.000000 0.150000
v 0.510069 3.000000 0.000000
v 0.464165 3.000000 0.150000
v 0.723722 2.075064 0.157774
v 1.044373 2.075064 0.157774
v 0.395957 2.451059 0.157774
v 0.199692 2.676350 0.157774
v 0.231681 2.715872 0.157774
v 0.905667 2.715872 0.157774
v 0.742889 2.053258 0.150000
v 1.041395 2.053258 0.150000
v 0.761738 2.031453 0.157774
v 1.053804 2.031453 0.157774
v 1.044373 2.075064 0.157774
v 1.041395 2.053258 0.150000
v 0.723722 2.075064 0.157774
v 0.742889 2.053258 0.150000
v 0.856246 2.970813 0.163605
v 0.902284 2.758131 0.163605
v 0.436361 2.970813 0.163605
v 0.264098 2.758131 0.163605
vn -0.0000 0.3358 0.9419
vn 0.7026 0.1505 -0.6955
vn 0.7027 0.1495 -0.6956
vn 0.0354 -0.9908 -0.1303
vn -0.7536 -0.6570 -0.0240
vn -0.7537 -0.6570 -0.0154
vn -0.7539 -0.6568 -0.0172
vn -0.7561 0.6121 -0.2318
vn 0.7027 0.1520 -0.6951
vn -0.0000 -0.0000 1.0000
vn -0.0000 -0.0000 -1.0000
vn -0.0000 -0.5538 0.8326
vn -0.0000 0.4225 0.9064
vn -0.0000 1.0000 -0.0000
vn -0.0000 -0.3358 0.9419
vt 0.815298 0.634720
vt 0.812372 0.633074
vt 0.812372 0.547645
vt 0.815298 0.544971
vt 0.426107 0.895153
vt 0.426101 0.897946
vt 0.407529 0.895882
vt 0.406520 0.893911
vt 0.406536 0.885059
vt 0.426087 0.902309
vt 0.244795 0.787100
vt 0.244795 0.815456
vt 0.231918 0.802467
vt 0.877960 0.617388
vt 0.878467 0.601506
vt 0.878982 0.615674
vt 0.854901 0.529723
vt 0.858165 0.619516
vt 0.856996 0.587367
vt 0.857921 0.584398
vt 0.856779 0.581376
vt 0.853778 0.498774
vt 0.874890 0.502974
vt 0.855550 0.490901
vt 0.853941 0.488197
vt 0.856427 0.460763
vt 0.858615 0.457063
vt 0.878982 0.457786
vt 0.854239 0.493676
vt 0.406520 0.734433
vt 0.425107 0.738924
vt 0.426794 0.743307
vt 0.426802 0.772281
vt 0.425117 0.774660
vt 0.426081 0.777864
vt 0.426104 0.865162
vt 0.425140 0.867900
vt 0.426105 0.871103
vt 0.576455 0.343293
vt 0.576455 0.304401
vt 0.607611 0.331570
vt 0.606957 0.349874
vt 0.602690 0.348966
vt 0.599959 0.348380
vt 0.167587 0.344397
vt 0.167569 0.353249
vt 0.158776 0.337292
vt 0.097678 0.226328
vt 0.144416 0.188745
vt 0.167587 0.193771
vt 0.114663 0.859627
vt 0.114663 0.945057
vt 0.111980 0.946246
vt 0.111980 0.861265
vt 0.163935 0.356962
vt 0.167861 0.353249
vt 0.167861 0.409161
vt 0.163935 0.406540
vt 0.919739 0.665514
vt 0.899785 0.645810
vt 0.899785 0.622103
vt 0.919739 0.615963
vt 0.627424 0.555848
vt 0.632686 0.551589
vt 0.662679 0.577728
vt 0.712736 0.621380
vt 0.712736 0.664079
vt 0.627424 0.645597
vt 0.237482 0.934046
vt 0.237482 0.972938
vt 0.234556 0.971291
vt 0.234556 0.931542
vt 0.853778 0.625509
vt 0.853778 0.665259
vt 0.850897 0.665649
vt 0.850897 0.622950
vt 0.537920 0.868374
vt 0.566235 0.845439
vt 0.566235 0.930421
vt 0.537920 0.924287
s 1
usemtl DestructibleWall
f 1171/1265/234 1170/1266/234 1172/1267/234 1173/1268/234
s 0
f 1193/1269/235 1175/1270/235 1174/1271/235 1177/1272/235 1192/1273/235
f 1175/1270/236 1176/1274/236 1174/1271/236
f 1174/1275/237 1176/1276/237 1178/1277/237
f 1174/1278/238 1180/1279/238 1177/1280/238
f 1179/1281/239 1174/1278/239 1178/1282/239 1191/1283/239 1190/1284/239 1189/1285/239
f 1179/1281/240 1182/1286/240 1181/1287/240 1180/1279/240 1174/1278/240
f 1187/1288/241 1186/1289/241 1185/1290/241 1184/1291/241 1183/1292/241 1181/1287/241 1182/1286/241 1188/1293/241
f 1194/1294/242 1195/1295/242 1196/1296/242 1197/1297/242 1198/1298/242 1199/1299/242 1200/1300/242 1201/1301/242 1202/1302/242 1193/1269/242 1192/1273/242
s 1
f 1206/1303/243 1207/1304/243 1208/1305/243 1204/1306/243 1203/1307/243 1205/1308/243
f 1209/1309/244 1211/1310/244 1212/1311/244 1213/1312/244 1214/1313/244 1210/1314/244
f 1218/1315/245 1216/1316/245 1215/1317/245 1217/1318/245
f 1222/1319/246 1221/1320/246 1219/1321/246 1220/1322/246
f 1224/1323/247 1223/1324/247 1225/1325/247 1226/1326/247
f 1231/1327/243 1230/1328/243 1229/1329/243 1227/1330/243 1228/1331/243 1232/1332/243
f 1235/1333/234 1236/1334/234 1234/1335/234 1233/1336/234
f 1240/1337/248 1238/1338/248 1237/1339/248 1239/1340/248
f 1243/1341/243 1244/1342/243 1242/1343/243 1241/1344/243
g SM_Env_Wall_Interior_Ground_01_cell.191_SM_Env_Wall_Interior_Ground_01_cell.216
v 1.978056 1.368839 0.150000
v 1.875008 1.368839 0.150000
v 1.976151 1.347033 0.157774
v 1.269920 1.347033 0.157774
v 1.250008 1.368839 0.150000
v 1.855095 1.390645 0.157774
v 1.855095 1.957386 0.157774
v 1.875008 1.368839 0.150000
v 1.871841 1.952005 0.151236
v 1.275437 1.779062 0.104541
v 1.250469 1.754525 0.157774
v 1.201446 1.405554 0.157774
v 1.299594 1.647974 0.000000
v 1.408902 1.873155 0.157774
v 1.552177 1.900415 0.157774
v 1.401248 1.868826 0.157774
v 1.254876 1.783674 0.157774
v 1.729334 1.933882 0.157774
v 1.411016 1.669022 0.000000
v 1.855095 1.957386 0.157774
v 1.871841 1.952005 0.151236
v 1.945113 1.768841 0.000000
v 1.884727 1.957681 0.153794
v 1.999294 1.778723 0.000000
v 1.894920 1.964693 0.157774
v 1.940806 1.972996 0.157774
v 1.951452 1.935076 0.157774
v 2.041121 1.598625 0.157774
v 2.010083 1.478169 0.157774
v 2.005507 1.755536 0.000000
v 1.886790 1.294801 0.000000
v 1.863489 1.204755 0.000000
v 1.913023 1.103073 0.157774
v 1.232024 1.161318 0.000000
v 1.151911 1.050877 0.157774
v 1.275754 1.477839 0.000000
v 1.163389 1.133957 0.157774
v 1.193246 1.347033 0.157774
v 1.199464 1.368839 0.150000
v 1.199357 1.390645 0.157774
v 1.230095 1.056234 0.157774
v 1.250008 1.062770 0.150000
v 1.269920 1.058963 0.157774
v 1.976151 1.347033 0.157774
v 1.978056 1.368839 0.150000
v 1.987436 1.390645 0.157774
v 1.269920 1.347033 0.157774
v 1.269920 1.058963 0.157774
v 1.250008 1.368839 0.150000
v 1.250008 1.062770 0.150000
v 1.230095 1.347033 0.157774
v 1.230095 1.056234 0.157774
v 1.250008 1.368839 0.150000
v 1.250008 1.062770 0.150000
v 1.894920 1.390645 0.157774
v 1.987436 1.390645 0.157774
v 1.875008 1.368839 0.150000
v 1.978056 1.368839 0.150000
v 1.913023 1.103073 0.157774
v 1.269920 1.058963 0.157774
v 1.976151 1.347033 0.157774
v 1.269920 1.347033 0.157774
v 2.010083 1.478169 0.157774
v 1.987436 1.390645 0.157774
v 2.041121 1.598625 0.157774
v 1.951452 1.935076 0.157774
v 1.940806 1.972996 0.157774
v 1.894920 1.964693 0.157774
v 1.894920 1.390645 0.157774
v 1.886790 1.294801 0.000000
v 1.863489 1.204755 0.000000
v 2.005507 1.755536 0.000000
v 1.999294 1.778723 0.000000
v 1.945113 1.768841 0.000000
v 1.411016 1.669022 0.000000
v 1.299594 1.647974 0.000000
v 1.275754 1.477839 0.000000
v 1.232024 1.161318 0.000000
v 1.151911 1.050877 0.157774
v 1.230095 1.056234 0.157774
v 1.163389 1.133957 0.157774
v 1.193246 1.347033 0.157774
v 1.230095 1.347033 0.157774
v 1.729334 1.933882 0.157774
v 1.855095 1.957386 0.157774
v 1.552177 1.900415 0.157774
v 1.408902 1.873155 0.157774
v 1.401248 1.868826 0.157774
v 1.254876 1.783674 0.157774
v 1.250469 1.754525 0.157774
v 1.201446 1.405554 0.157774
v 1.199357 1.390645 0.157774
v 1.855095 1.390645 0.157774
v 1.884727 1.957681 0.153794
v 1.871841 1.952005 0.151236
v 1.894920 1.964693 0.157774
v 1.894920 1.390645 0.157774
v 1.875008 1.368839 0.150000
v 1.193246 1.347033 0.157774
v 1.199464 1.368839 0.150000
v 1.230095 1.347033 0.157774
v 1.250008 1.368839 0.150000
v 1.199357 1.390645 0.157774
v 1.199464 1.368839 0.150000
v 1.855095 1.390645 0.157774
v 1.875008 1.368839 0.150000
v 1.250008 1.368839 0.150000
vn -0.0000 0.3358 0.9419
vn 0.3637 -0.0000 0.9315
vn -0.9197 0.1390 -0.3673
vn -0.9193 0.1291 -0.3717
vn -0.9186 0.1287 -0.3737
vn -0.1146 0.6064 -0.7869
vn -0.4710 0.8327 -0.2911
vn -0.1158 0.6084 -0.7852
vn -0.4856 0.8347 -0.2599
vn -0.1131 0.6053 -0.7879
vn -0.1106 0.6061 -0.7876
vn -0.1098 0.6065 -0.7875
vn 0.9625 0.2702 0.0241
vn 0.9656 0.2574 0.0379
vn 0.8775 -0.2261 -0.4229
vn 0.8777 -0.2271 -0.4219
vn 0.0571 -0.8311 -0.5532
vn -0.9174 0.1268 -0.3771
vn -0.3637 -0.0000 0.9315
vn -0.0000 -0.3358 0.9419
vn -0.0000 -0.0000 1.0000
vn -0.0000 -0.0000 -1.0000
vn -0.3150 -0.0009 0.9491
vt 0.066648 0.914120
vt 0.066648 0.900398
vt 0.066648 0.817173
vt 0.069574 0.819818
vt 0.069574 0.913861
vt 0.346089 0.882983
vt 0.346500 0.958433
vt 0.343857 0.961328
vt 0.343857 0.883693
vt 0.937962 0.000000
vt 0.945244 0.000614
vt 0.937959 0.003859
vt 0.937957 0.050072
vt 0.959554 0.017985
vt 0.959554 0.040515
vt 0.937957 0.086038
vt 0.937957 0.057821
vt 0.939022 0.054934
vt 0.937957 0.052046
vt 0.887450 0.931926
vt 0.878452 0.893007
vt 0.878405 0.869013
vt 0.904940 0.916387
vt 0.904969 0.931478
vt 0.372179 0.148711
vt 0.379153 0.164864
vt 0.379154 0.165863
vt 0.878516 0.912416
vt 0.379154 0.145752
vt 0.879504 0.849897
vt 0.904938 0.844077
vt 0.878404 0.851987
vt 0.879082 0.848084
vt 0.904969 0.836747
vt 0.878422 0.846598
vt 0.878457 0.840392
vt 0.804043 0.863540
vt 0.825627 0.837313
vt 0.825512 0.842457
vt 0.824532 0.888050
vt 0.803975 0.866682
vt 0.824797 0.903721
vt 0.804989 0.926623
vt 0.824991 0.915107
vt 0.824043 0.917897
vt 0.825087 0.920780
vt 0.825627 0.952516
vt 0.805189 0.938337
vt 0.733969 0.862289
vt 0.733970 0.946264
vt 0.712736 0.953065
vt 0.712736 0.867542
vt 0.713783 0.864883
vt 0.712736 0.862246
vt 0.712736 0.851848
vt 0.959560 0.082434
vt 0.937959 0.097041
vt 0.799413 0.973449
vt 0.799413 0.935098
vt 0.802058 0.932172
vt 0.802058 0.972919
vt 0.674633 0.934540
vt 0.674633 0.973255
vt 0.671974 0.972362
vt 0.671974 0.931614
vt 0.416459 0.159474
vt 0.413579 0.160716
vt 0.413579 0.148397
vt 0.416459 0.145752
vt 0.821283 0.094043
vt 0.827143 0.008406
vt 0.859621 0.000000
vt 0.859634 0.094043
vt 0.368991 0.915469
vt 0.368991 0.991893
vt 0.356672 0.991894
vt 0.353656 0.980242
vt 0.349523 0.964206
vt 0.361463 0.919412
vt 0.362881 0.914364
vt 0.170226 0.679632
vt 0.173362 0.679017
vt 0.233473 0.698949
vt 0.245221 0.702857
vt 0.245221 0.787100
vt 0.203579 0.778430
vt 0.181199 0.773726
vt 0.179421 0.758740
vt 0.171043 0.686916
vt 0.397862 0.773006
vt 0.401838 0.801373
vt 0.403366 0.812433
vt 0.392955 0.811721
vt 0.392955 0.773007
vt 0.319223 0.684059
vt 0.321208 0.683781
vt 0.321208 0.771100
vt 0.245757 0.771090
vt 0.248886 0.754344
vt 0.253341 0.730754
vt 0.256970 0.711675
vt 0.257547 0.710656
vt 0.268883 0.691167
vt 0.272764 0.690580
vt 0.801257 0.164624
vt 0.798612 0.161744
vt 0.798612 0.085320
vt 0.799966 0.086241
vt 0.801679 0.086989
vt 0.424701 0.158898
vt 0.424701 0.163805
vt 0.421775 0.166463
vt 0.421775 0.159732
vt 0.818178 0.551494
vt 0.818178 0.634720
vt 0.815298 0.632061
vt 0.815298 0.544742
vt 0.818178 0.544763
s 1
usemtl DestructibleWall
f 1245/1345/249 1246/1346/249 1249/1347/249 1248/1348/249 1247/1349/249
f 1251/1350/250 1250/1351/250 1252/1352/250 1253/1353/250
s 0
f 1261/1354/251 1254/1355/251 1255/1356/251
f 1255/1356/252 1254/1355/252 1256/1357/252
f 1256/1357/253 1254/1355/253 1257/1358/253 1280/1359/253 1281/1360/253 1282/1361/253 1283/1362/253 1284/1363/253
f 1254/1364/254 1259/1365/254 1262/1366/254 1263/1367/254 1257/1368/254
f 1254/1369/255 1260/1370/255 1258/1371/255
f 1258/1372/256 1259/1365/256 1254/1364/256
f 1260/1370/257 1254/1369/257 1261/1373/257
f 1265/1374/258 1266/1375/258 1263/1367/258 1262/1366/258 1264/1376/258
f 1267/1377/259 1268/1378/259 1266/1375/259 1265/1374/259
f 1268/1378/260 1267/1377/260 1269/1379/260 1270/1380/260
f 1268/1381/261 1270/1382/261 1271/1383/261
f 1268/1381/262 1271/1383/262 1272/1384/262 1274/1385/262
f 1272/1384/263 1273/1386/263 1275/1387/263 1274/1385/263
f 1275/1387/264 1273/1386/264 1290/1388/264 1289/1389/264 1288/1390/264 1277/1391/264 1276/1392/264
f 1278/1393/265 1276/1394/265 1277/1395/265 1287/1396/265 1286/1397/265 1285/1398/265 1279/1399/265
f 1281/1360/266 1280/1359/266 1278/1400/266 1279/1401/266
s 1
f 1292/1402/267 1291/1403/267 1293/1404/267 1294/1405/267
f 1295/1406/250 1296/1407/250 1298/1408/250 1297/1409/250
f 1302/1410/268 1300/1411/268 1299/1412/268 1301/1413/268
f 1304/1414/269 1303/1415/269 1305/1416/269 1306/1417/269
f 1312/1418/269 1313/1419/269 1308/1420/269 1307/1421/269 1309/1422/269 1310/1423/269 1311/1424/269
f 1317/1425/270 1316/1426/270 1314/1427/270 1315/1428/270 1322/1429/270 1321/1430/270 1320/1431/270 1319/1432/270 1318/1433/270
f 1326/1434/269 1325/1435/269 1323/1436/269 1324/1437/269 1327/1438/269
f 1335/1439/269 1336/1440/269 1337/1441/269 1329/1442/269 1328/1443/269 1330/1444/269 1331/1445/269 1332/1446/269 1333/1447/269 1334/1448/269
f 1342/1449/271 1341/1450/271 1340/1451/271 1338/1452/271 1339/1453/271
f 1343/1454/249 1345/1455/249 1346/1456/249 1344/1457/249
f 1351/1458/268 1350/1459/268 1349/1460/268 1347/1461/268 1348/1462/268
g SM_Env_Wall_Interior_Ground_01_cell.202_SM_Env_Wall_Interior_Ground_01_cell.227
v 0.244389 0.684419 0.150000
v 0.247295 0.706225 0.157774
v 0.000008 0.684419 0.150000
v 0.019920 0.706225 0.157774
v 0.000008 0.684419 0.150000
v 0.000008 1.368839 0.150000
v 0.019920 0.706225 0.157774
v 0.019920 1.347033 0.157774
v 0.000008 1.390645 0.157774
v 0.454804 1.390645 0.157774
v 0.000008 1.715372 0.157774
v 0.373414 1.637682 0.157774
v 0.520352 1.606903 0.157774
v 0.000004 0.662614 0.163605
v 0.231293 0.662614 0.163605
v 0.000004 0.299283 0.163605
v 0.069381 0.302200 0.163605
v 0.122776 0.304706 0.163605
v 0.615781 1.673918 0.000000
v 0.051470 1.792124 0.000000
v 0.206138 0.322488 0.000000
v 0.000004 0.312813 0.000000
v 0.000004 1.802832 0.000000
v 0.441586 1.347033 0.157774
v 0.451896 1.368839 0.150000
v 0.247295 0.706225 0.157774
v 0.244389 0.684419 0.150000
v 0.231293 0.662614 0.163605
v 0.122776 0.304706 0.163605
v 0.206138 0.322488 0.000000
v 0.069381 0.302200 0.163605
v 0.000005 0.309487 0.039228
v 0.000004 0.299283 0.163605
v 0.000004 0.312813 0.000000
v 0.615781 1.673918 0.000000
v 0.051470 1.792124 0.000000
v 0.520352 1.606903 0.157774
v 0.373414 1.637682 0.157774
v 0.454804 1.390645 0.157774
v 0.000008 1.715372 0.157774
v 0.000004 1.802832 0.000000
v 0.000005 0.309487 0.039228
v 0.000004 0.312813 0.000000
v 0.000004 0.299283 0.163605
v 0.000004 0.662614 0.163605
v 0.000008 0.684419 0.150000
v 0.000008 1.368839 0.150000
v 0.000008 1.390645 0.157774
v 0.000008 1.715372 0.157774
v 0.000004 1.802832 0.000000
v 0.454804 1.390645 0.157774
v 0.451896 1.368839 0.150000
v 0.000008 1.390645 0.157774
v 0.000008 1.368839 0.150000
v 0.451896 1.368839 0.150000
v 0.441586 1.347033 0.157774
v 0.000008 1.368839 0.150000
v 0.019920 1.347033 0.157774
v 0.441586 1.347033 0.157774
v 0.247295 0.706225 0.157774
v 0.019920 1.347033 0.157774
v 0.019920 0.706225 0.157774
v 0.244389 0.684419 0.150000
v 0.231293 0.662614 0.163605
v 0.000008 0.684419 0.150000
v 0.000004 0.662614 0.163605
vn -0.0000 -0.3358 0.9419
vn -0.3637 -0.0000 0.9315
vn -0.0000 -0.0000 1.0000
vn -0.0000 -0.0000 -1.0000
vn 0.8708 -0.2640 0.4147
vn 0.0467 -0.9953 -0.0844
vn 0.0419 -0.9958 -0.0817
vn 0.1804 0.8613 0.4750
vn 0.1790 0.8605 0.4770
vn -1.0000 -0.0000 -0.0000
vn -0.0000 0.3358 0.9419
vn -0.0000 0.5293 0.8484
vt 0.931107 0.268076
vt 0.931107 0.237799
vt 0.933987 0.235154
vt 0.933987 0.267696
vt 0.623251 0.936832
vt 0.620606 0.933952
vt 0.620606 0.848641
vt 0.623251 0.845714
vt 0.118998 0.778666
vt 0.162230 0.778672
vt 0.162230 0.839233
vt 0.133439 0.847957
vt 0.129341 0.828390
vt 0.665036 0.167556
vt 0.657926 0.167224
vt 0.643475 0.119577
vt 0.674274 0.119572
vt 0.674274 0.167943
vt 0.027436 0.610281
vt 0.000000 0.611550
vt 0.000000 0.413183
vt 0.006850 0.414614
vt 0.081960 0.430403
vt 0.876533 0.794199
vt 0.878404 0.797012
vt 0.878404 0.843417
vt 0.855908 0.841283
vt 0.855908 0.666059
vt 0.877602 0.674584
vt 0.877602 0.702624
vt 0.876533 0.705459
vt 0.877602 0.708278
vt 0.877602 0.791364
vt 0.021813 0.933026
vt 0.021813 0.960449
vt -0.000000 0.949368
vt -0.000000 0.942265
vt 0.016583 0.933028
vt 0.000001 0.933034
vt 0.961996 0.886323
vt 0.983516 0.930029
vt 0.983517 0.949722
vt 0.962000 0.961953
vt 0.983517 0.879987
vt 0.961997 0.879426
vt 0.832540 0.256532
vt 0.834347 0.253625
vt 0.834347 0.162542
vt 0.833314 0.159643
vt 0.833314 0.116428
vt 0.854264 0.104733
vt 0.854264 0.303025
vt 0.849055 0.303481
vt 0.832540 0.304884
vt 0.240425 0.974681
vt 0.240425 0.914119
vt 0.243305 0.914126
vt 0.243305 0.974300
vt 0.237482 0.912406
vt 0.240408 0.915051
vt 0.240408 0.971201
vt 0.237482 0.972580
vt 0.777526 0.666059
vt 0.833675 0.666059
vt 0.833664 0.751371
vt 0.803386 0.751371
vt 0.928163 0.267708
vt 0.928163 0.235166
vt 0.931106 0.235154
vt 0.931106 0.265953
s 1
usemtl DestructibleWall
f 1353/1463/272 1355/1464/272 1354/1465/272 1352/1466/272
f 1356/1467/273 1358/1468/273 1359/1469/273 1357/1470/273
f 1362/1471/274 1360/1472/274 1361/1473/274 1364/1474/274 1363/1475/274
f 1368/1476/274 1369/1477/274 1366/1478/274 1365/1479/274 1367/1480/274
f 1372/1481/275 1373/1482/275 1374/1483/275 1371/1484/275 1370/1485/275
s 0
f 1378/1486/276 1379/1487/276 1380/1488/276 1381/1489/276 1386/1490/276 1388/1491/276 1390/1492/276 1376/1493/276 1375/1494/276 1377/1495/276
f 1385/1496/277 1381/1497/277 1380/1498/277 1382/1499/277 1383/1500/277
f 1384/1501/278 1383/1500/278 1382/1499/278
f 1387/1502/279 1389/1503/279 1388/1504/279 1386/1505/279
f 1391/1506/280 1389/1503/280 1387/1502/280 1392/1507/280
s 1
f 1396/1508/281 1397/1509/281 1398/1510/281 1399/1511/281 1400/1512/281 1401/1513/281 1394/1514/281 1393/1515/281 1395/1516/281
f 1402/1517/272 1404/1518/272 1405/1519/272 1403/1520/272
f 1408/1521/282 1409/1522/282 1407/1523/282 1406/1524/282
f 1410/1525/274 1412/1526/274 1413/1527/274 1411/1528/274
f 1414/1529/283 1416/1530/283 1417/1531/283 1415/1532/283
g SM_Env_Wall_Interior_Ground_01_cell.210_SM_Env_Wall_Interior_Ground_01_cell.235
v 4.918216 2.075064 0.157774
v 4.980095 2.075064 0.157774
v 4.926632 2.053258 0.150000
v 5.000008 2.053258 0.150000
v 5.000008 2.053258 0.150000
v 5.000008 2.518169 0.150000
v 4.980095 2.075064 0.157774
v 4.980095 2.472229 0.157774
v 5.000008 2.031453 0.157774
v 4.943561 2.031453 0.157774
v 5.000008 2.053258 0.150000
v 4.926632 2.053258 0.150000
v 4.918216 2.075064 0.157774
v 4.907753 2.093066 0.157774
v 4.980095 2.075064 0.157774
v 4.980095 2.472229 0.157774
v 4.847247 2.197304 0.157774
v 5.000008 1.934325 0.157774
v 4.943561 2.031453 0.157774
v 5.000008 2.031453 0.157774
v 5.000004 1.807190 0.022805
v 5.000008 1.934325 0.157774
v 5.000004 1.785741 0.000000
v 5.000004 2.609745 0.000000
v 5.000008 2.518169 0.150000
v 5.000008 2.053258 0.150000
v 5.000008 2.031453 0.157774
v 4.782649 2.160187 0.000000
v 5.000004 1.785741 0.000000
v 5.000004 2.609745 0.000000
v 4.918216 2.075064 0.157774
v 4.907753 2.093066 0.157774
v 4.926632 2.053258 0.150000
v 4.943561 2.031453 0.157774
v 5.000008 1.934325 0.157774
v 5.000004 1.807190 0.022805
v 5.000004 1.785741 0.000000
v 4.782649 2.160187 0.000000
v 4.847247 2.197304 0.157774
v 5.000004 2.609745 0.000000
v 5.000008 2.518169 0.150000
v 4.980095 2.472229 0.157774
vn -0.0000 -0.3358 0.9419
vn 0.3637 -0.0000 0.9315
vn -0.0000 0.3358 0.9419
vn -0.0000 -0.0000 1.0000
vn 1.0000 -0.0000 -0.0000
vn -0.0000 -0.0000 -1.0000
vn -0.7815 -0.4542 0.4278
vn -0.7820 -0.4540 0.4270
vn -0.8701 0.4206 0.2570
vt 0.432744 0.146879
vt 0.432744 0.156650
vt 0.429863 0.153992
vt 0.429863 0.145752
vt 0.321016 0.923729
vt 0.321016 0.976605
vt 0.318358 0.979485
vt 0.318358 0.917591
vt 0.432789 0.158898
vt 0.432789 0.166415
vt 0.429863 0.166421
vt 0.429863 0.156650
vt 0.909013 0.984800
vt 0.900773 0.984801
vt 0.900773 0.931926
vt 0.918463 0.968525
vt 0.910406 0.982403
vt 0.384163 0.158683
vt 0.384164 0.145752
vt 0.391681 0.145752
vt 0.599653 0.955109
vt 0.599653 0.845714
vt 0.619574 0.857986
vt 0.619574 0.919707
vt 0.620606 0.922608
vt 0.620606 0.935502
vt 0.602681 0.952278
vt 0.297324 0.771100
vt 0.297324 0.880800
vt 0.268394 0.830929
vt 0.650097 0.908878
vt 0.668946 0.947309
vt 0.651025 0.930438
vt 0.650457 0.917246
vt 0.651319 0.914262
vt 0.650202 0.911323
vt 0.649489 0.894721
vt 0.669790 0.899300
vt 0.671974 0.950155
vt 0.650824 0.858760
vt 0.652057 0.852737
vt 0.671974 0.840496
s 1
usemtl DestructibleWall
f 1420/1533/284 1421/1534/284 1419/1535/284 1418/1536/284
f 1425/1537/285 1424/1538/285 1422/1539/285 1423/1540/285
f 1427/1541/286 1426/1542/286 1428/1543/286 1429/1544/286
f 1430/1545/287 1432/1546/287 1433/1547/287 1434/1548/287 1431/1549/287
f 1435/1550/287 1437/1551/287 1436/1552/287
f 1440/1553/288 1441/1554/288 1442/1555/288 1443/1556/288 1444/1557/288 1439/1558/288 1438/1559/288
f 1447/1560/289 1446/1561/289 1445/1562/289
s 0
f 1449/1563/290 1453/1564/290 1452/1565/290 1451/1566/290 1450/1567/290 1448/1568/290
f 1453/1564/291 1449/1563/291 1456/1569/291 1455/1570/291 1454/1571/291
f 1455/1570/292 1456/1569/292 1459/1572/292 1458/1573/292 1457/1574/292
g SM_Env_Wall_Interior_Ground_01_cell.216_SM_Env_Wall_Interior_Ground_01_cell.241
v 1.023338 0.000000 0.150000
v 0.000008 0.000000 0.150000
v 0.985100 0.021806 0.163605
v 0.000004 0.021806 0.163605
v 0.000004 0.000000 0.000000
v 0.000004 0.311181 0.000000
v 1.090283 0.000000 0.000000
v 0.992974 0.066181 0.000000
v 0.748537 0.231739 0.000000
v 0.206456 0.320299 0.000000
v 0.178492 0.319159 0.000000
v 0.000008 0.000000 0.150000
v 0.000004 0.000000 0.000000
v 0.000004 0.021806 0.163605
v 0.000004 0.297708 0.163605
v 0.000004 0.311181 0.000000
v 0.000004 0.021806 0.163605
v 0.000004 0.297708 0.163605
v 0.985100 0.021806 0.163605
v 0.826464 0.129611 0.163605
v 0.712995 0.206464 0.163605
v 0.123751 0.302767 0.163605
v 1.059837 0.000000 0.069272
v 1.023338 0.000000 0.150000
v 1.082218 0.000000 0.019015
v 1.090283 0.000000 0.000000
v 0.000004 0.000000 0.000000
v 0.000008 0.000000 0.150000
v 0.178492 0.319159 0.000000
v 0.206456 0.320299 0.000000
v 0.000004 0.311181 0.000000
v 0.000004 0.297708 0.163605
v 0.123751 0.302767 0.163605
v 0.712995 0.206464 0.163605
v 0.826464 0.129611 0.163605
v 0.748537 0.231739 0.000000
v 0.992974 0.066181 0.000000
v 1.082218 0.000000 0.019015
v 1.090283 0.000000 0.000000
v 1.059837 0.000000 0.069272
v 1.023338 0.000000 0.150000
v 0.985100 0.021806 0.163605
vn -0.0000 -0.5293 0.8484
vn -0.0000 -0.0000 -1.0000
vn -1.0000 -0.0000 -0.0000
vn -0.0000 -0.0000 1.0000
vn -0.0000 -1.0000 -0.0000
vn -0.0407 0.9955 0.0861
vn -0.0445 0.9956 0.0820
vn 0.1585 0.9700 0.1842
vn 0.5441 0.8033 0.2423
vn 0.5470 0.8043 0.2320
vn 0.5448 0.8016 0.2463
vt 0.167272 0.894525
vt 0.167272 0.763348
vt 0.170135 0.763360
vt 0.170135 0.899628
vt 0.749388 0.099637
vt 0.727347 0.132187
vt 0.718536 0.145145
vt 0.718536 0.000029
vt 0.759964 -0.000000
vt 0.761026 0.023756
vt 0.761177 0.027478
vt 0.718193 0.119572
vt 0.718193 0.160984
vt 0.698276 0.161038
vt 0.696469 0.158141
vt 0.696469 0.121424
vt 0.282777 0.339050
vt 0.319508 0.339055
vt 0.319508 0.470232
vt 0.305156 0.449106
vt 0.294925 0.433995
vt 0.282104 0.355529
vt 0.231918 0.787105
vt 0.231918 0.932269
vt 0.229387 0.931195
vt 0.222695 0.928213
vt 0.211947 0.923350
vt 0.211947 0.787100
vt 0.246197 0.794817
vt 0.268394 0.771406
vt 0.268152 0.787852
vt 0.246142 0.798533
vt 0.246550 0.771100
vt 0.245757 0.871072
vt 0.267733 0.866701
vt 0.268007 0.882147
vt 0.255851 0.913645
vt 0.249128 0.916548
vt 0.246348 0.904346
vt 0.246585 0.917593
vt 0.266651 0.908909
vt 0.268394 0.903743
s 1
usemtl DestructibleWall
f 1462/1575/293 1463/1576/293 1461/1577/293 1460/1578/293
f 1468/1579/294 1467/1580/294 1466/1581/294 1464/1582/294 1465/1583/294 1470/1584/294 1469/1585/294
f 1475/1586/295 1472/1587/295 1471/1588/295 1473/1589/295 1474/1590/295
f 1477/1591/296 1476/1592/296 1478/1593/296 1479/1594/296 1480/1595/296 1481/1596/296
f 1486/1597/297 1485/1598/297 1484/1599/297 1482/1600/297 1483/1601/297 1487/1602/297
s 0
f 1488/1603/298 1491/1604/298 1492/1605/298 1489/1606/298
f 1490/1607/299 1491/1604/299 1488/1603/299
f 1495/1608/300 1489/1606/300 1492/1605/300 1493/1609/300
f 1494/1610/301 1499/1611/301 1497/1612/301 1496/1613/301 1495/1608/301 1493/1609/301
f 1496/1613/302 1497/1612/302 1498/1614/302
f 1500/1615/303 1499/1611/303 1494/1610/303 1501/1616/303
g SM_Env_Wall_Interior_Ground_01_cell.228_SM_Env_Wall_Interior_Ground_01_cell.253
v 0.625008 1.654019 0.150000
v 0.605095 1.644235 0.157774
v 0.625008 2.053258 0.150000
v 0.605095 2.031453 0.157774
v 0.644920 2.031453 0.157774
v 0.644920 1.661222 0.157774
v 0.625008 2.053258 0.150000
v 0.625008 1.654019 0.150000
v 0.949419 1.816669 0.005352
v 0.960736 1.795922 0.157774
v 0.947584 1.816748 0.000000
v 0.880838 1.895594 0.000000
v 0.942292 1.824929 0.000000
v 0.374420 2.477607 0.000000
v 0.813545 1.969766 0.157774
v 0.225427 2.648519 0.000000
v 0.198954 2.674772 0.157774
v 0.000004 2.492203 0.000000
v 0.000008 2.534617 0.150000
v 0.019920 2.550623 0.157774
v 0.721752 2.075064 0.157774
v 0.740938 2.053258 0.150000
v 0.759770 2.031453 0.157774
v 0.937727 1.812294 0.000000
v 0.617611 1.675721 0.000000
v 0.522041 1.608801 0.157774
v 0.000004 1.805441 0.000000
v 0.000008 1.718429 0.157774
v 0.605095 1.644235 0.157774
v 0.625008 1.654019 0.150000
v 0.644920 1.661222 0.157774
v 0.000008 2.053258 0.150000
v 0.000008 2.031453 0.157774
v 0.625008 2.053258 0.150000
v 0.605095 2.031453 0.157774
v 0.019920 2.075064 0.157774
v 0.721752 2.075064 0.157774
v 0.000008 2.053258 0.150000
v 0.625008 2.053258 0.150000
v 0.740938 2.053258 0.150000
v 0.605095 1.644235 0.157774
v 0.522041 1.608801 0.157774
v 0.605095 2.031453 0.157774
v 0.000008 2.031453 0.157774
v 0.000008 1.718429 0.157774
v 0.960736 1.795922 0.157774
v 0.644920 1.661222 0.157774
v 0.813545 1.969766 0.157774
v 0.759770 2.031453 0.157774
v 0.644920 2.031453 0.157774
v 0.947584 1.816748 0.000000
v 0.937727 1.812294 0.000000
v 0.942292 1.824929 0.000000
v 0.880838 1.895594 0.000000
v 0.374420 2.477607 0.000000
v 0.225427 2.648519 0.000000
v 0.000004 2.492203 0.000000
v 0.000004 1.805441 0.000000
v 0.617611 1.675721 0.000000
v 0.759770 2.031453 0.157774
v 0.740938 2.053258 0.150000
v 0.644920 2.031453 0.157774
v 0.625008 2.053258 0.150000
v 0.198954 2.674772 0.157774
v 0.721752 2.075064 0.157774
v 0.019920 2.550623 0.157774
v 0.019920 2.075064 0.157774
v 0.000004 1.805441 0.000000
v 0.000008 1.718429 0.157774
v 0.000004 2.492203 0.000000
v 0.000008 2.534617 0.150000
v 0.000008 2.053258 0.150000
v 0.000008 2.031453 0.157774
v 0.019920 2.550623 0.157774
v 0.000008 2.534617 0.150000
v 0.019920 2.075064 0.157774
v 0.000008 2.053258 0.150000
vn 0.3637 -0.0000 0.9315
vn -0.3637 -0.0000 0.9315
vn 0.7561 0.6543 0.0168
vn 0.4070 -0.9006 -0.1528
vn 0.8086 0.5231 -0.2694
vn 0.7546 0.6562 0.0080
vn 0.7537 0.6570 0.0171
vn -0.5550 0.8004 -0.2263
vn 0.3879 -0.9093 -0.1508
vn -0.1809 -0.8612 -0.4749
vn -0.0000 0.3358 0.9419
vn -0.0000 -0.3358 0.9419
vn -0.0000 -0.0000 1.0000
vn -0.0000 -0.0000 -1.0000
vn -1.0000 -0.0000 -0.0000
vt 0.831211 0.924587
vt 0.831211 0.976137
vt 0.828553 0.974813
vt 0.828553 0.921661
vt 0.593675 0.979576
vt 0.593675 0.930286
vt 0.596320 0.927360
vt 0.596320 0.980511
vt 0.023362 0.928993
vt 0.023379 0.846340
vt 0.044313 0.917305
vt 0.044345 0.941948
vt 0.024070 0.940162
vt 0.942361 0.397266
vt 0.941648 0.397510
vt 0.921309 0.399055
vt 0.942351 0.395964
vt 0.023376 0.940170
vt 0.023360 0.939028
vt 0.044315 0.908543
vt 0.023387 0.822065
vt 0.044345 0.817172
vt 0.044317 0.902349
vt 0.043284 0.905504
vt 0.892433 0.636782
vt 0.892433 0.660074
vt 0.871738 0.664426
vt 0.871738 0.635099
vt 0.891413 0.634237
vt 0.920991 0.352054
vt 0.920917 0.341078
vt 0.942066 0.353658
vt 0.921027 0.357318
vt 0.922047 0.354683
vt 0.942361 0.271127
vt 0.921167 0.271319
vt 0.825627 0.837319
vt 0.828553 0.837313
vt 0.828553 0.917887
vt 0.825627 0.920545
vt 0.240425 0.818101
vt 0.243305 0.815456
vt 0.243305 0.898682
vt 0.243305 0.914119
vt 0.240425 0.911558
vt 0.627424 0.759915
vt 0.669098 0.759921
vt 0.683693 0.829438
vt 0.678975 0.840497
vt 0.627424 0.840489
vt 0.697724 0.282395
vt 0.713018 0.282392
vt 0.713018 0.331682
vt 0.670963 0.313755
vt 0.690563 0.290608
vt 0.553372 0.149394
vt 0.553189 0.150679
vt 0.551810 0.150265
vt 0.507746 0.136009
vt 0.457078 0.068999
vt 0.517064 -0.000000
vt 0.553347 0.003996
vt 0.553375 0.034189
vt 0.553375 0.136924
vt 0.405325 0.145752
vt 0.408251 0.148397
vt 0.408251 0.163691
vt 0.405325 0.161189
vt 0.705905 0.457063
vt 0.769217 0.457072
vt 0.769217 0.550529
vt 0.689377 0.480902
vt 0.120031 0.847957
vt 0.139948 0.853548
vt 0.139948 0.944943
vt 0.118998 0.956579
vt 0.118998 0.914921
vt 0.120031 0.912017
vt 0.069293 0.980312
vt 0.066648 0.977432
vt 0.066648 0.914120
vt 0.069293 0.916228
s 1
usemtl DestructibleWall
f 1505/1617/304 1503/1618/304 1502/1619/304 1504/1620/304
f 1507/1621/305 1506/1622/305 1508/1623/305 1509/1624/305
s 0
f 1513/1625/306 1515/1626/306 1516/1627/306 1511/1628/306 1510/1629/306
f 1512/1630/307 1510/1631/307 1511/1632/307 1525/1633/307
f 1510/1629/308 1512/1634/308 1514/1635/308
f 1510/1629/309 1514/1635/309 1513/1625/309
f 1524/1636/310 1516/1627/310 1515/1626/310 1517/1637/310 1518/1638/310 1522/1639/310 1523/1640/310
f 1521/1641/311 1518/1642/311 1517/1643/311 1519/1644/311 1520/1645/311
f 1530/1646/312 1527/1647/312 1526/1648/312 1525/1633/312 1511/1632/312 1532/1649/312 1531/1650/312
f 1528/1651/313 1526/1648/313 1527/1647/313 1529/1652/313
s 1
f 1533/1653/314 1534/1654/314 1536/1655/314 1535/1656/314
f 1537/1657/315 1539/1658/315 1540/1659/315 1541/1660/315 1538/1661/315
f 1545/1662/316 1546/1663/316 1543/1664/316 1542/1665/316 1544/1666/316
f 1550/1667/316 1551/1668/316 1548/1669/316 1547/1670/316 1549/1671/316
f 1554/1672/317 1552/1673/317 1553/1674/317 1560/1675/317 1559/1676/317 1558/1677/317 1557/1678/317 1556/1679/317 1555/1680/317
f 1564/1681/314 1563/1682/314 1561/1683/314 1562/1684/314
f 1567/1685/316 1568/1686/316 1566/1687/316 1565/1688/316
f 1572/1689/318 1571/1690/318 1569/1691/318 1570/1692/318 1574/1693/318 1573/1694/318
f 1578/1695/305 1577/1696/305 1575/1697/305 1576/1698/305
g SM_Env_Wall_Interior_Ground_01_cell.243_SM_Env_Wall_Interior_Ground_01_cell.268
v 4.375008 1.406481 0.150000
v 4.375008 2.053258 0.150000
v 4.355095 1.437138 0.157774
v 4.355095 2.031453 0.157774
v 5.000008 1.368839 0.150000
v 5.000008 1.274954 0.150000
v 4.980095 1.347033 0.157774
v 4.980095 1.272252 0.157774
v 5.000008 1.390645 0.157774
v 5.000008 1.368839 0.150000
v 4.394920 1.390645 0.157774
v 4.388781 1.383921 0.155377
v 4.398700 1.368839 0.150000
v 4.355095 2.031453 0.157774
v 4.198769 2.031453 0.157774
v 4.375008 2.053258 0.150000
v 4.202685 2.053258 0.150000
v 4.394920 1.390645 0.157774
v 4.388781 1.383921 0.155377
v 4.394920 2.031453 0.157774
v 4.375008 2.053258 0.150000
v 4.375008 1.406481 0.150000
v 4.943311 1.280744 0.000000
v 5.000004 1.286703 0.000000
v 4.495429 1.234058 0.000000
v 4.432414 1.334175 0.000000
v 4.208479 1.690803 0.000000
v 4.259026 2.258463 0.000000
v 4.781245 2.159186 0.000000
v 4.815856 2.099581 0.000000
v 5.000004 1.781727 0.000000
v 4.607553 1.233096 0.157774
v 4.980095 1.272252 0.157774
v 4.491158 1.220963 0.157774
v 4.411808 1.347033 0.157774
v 4.980095 1.347033 0.157774
v 4.988730 1.949508 0.157774
v 5.000008 1.930042 0.157774
v 4.941147 2.031453 0.157774
v 4.394920 2.031453 0.157774
v 4.394920 1.390645 0.157774
v 5.000008 1.390645 0.157774
v 5.000008 1.930042 0.157774
v 5.000004 1.781727 0.000000
v 5.000008 1.390645 0.157774
v 5.000008 1.368839 0.150000
v 5.000008 1.274954 0.150000
v 5.000004 1.286703 0.000000
v 4.941147 2.031453 0.157774
v 4.924261 2.053258 0.150000
v 4.394920 2.031453 0.157774
v 4.375008 2.053258 0.150000
v 4.915824 2.075064 0.157774
v 4.924261 2.053258 0.150000
v 4.202657 2.075064 0.157774
v 4.202685 2.053258 0.150000
v 4.375008 2.053258 0.150000
v 4.845376 2.196386 0.157774
v 4.223998 2.314449 0.157774
v 4.915824 2.075064 0.157774
v 4.202657 2.075064 0.157774
v 4.411808 1.347033 0.157774
v 4.398700 1.368839 0.150000
v 4.980095 1.347033 0.157774
v 5.000008 1.368839 0.150000
v 4.355095 1.437138 0.157774
v 4.230004 1.635881 0.157774
v 4.355095 2.031453 0.157774
v 4.198769 2.031453 0.157774
v 4.171785 1.728597 0.157774
v 4.223998 2.314449 0.157774
v 4.259026 2.258463 0.000000
v 4.202657 2.075064 0.157774
v 4.845376 2.196386 0.157774
v 4.781245 2.159186 0.000000
v 4.915824 2.075064 0.157774
v 4.924261 2.053258 0.150000
v 4.941147 2.031453 0.157774
v 4.988730 1.949508 0.157774
v 4.815856 2.099581 0.000000
v 5.000008 1.930042 0.157774
v 5.000004 1.781727 0.000000
v 4.202685 2.053258 0.150000
v 4.198769 2.031453 0.157774
v 4.171785 1.728597 0.157774
v 4.230004 1.635881 0.157774
v 4.208479 1.690803 0.000000
v 4.432414 1.334175 0.000000
v 4.495429 1.234058 0.000000
v 4.491158 1.220963 0.157774
v 4.943311 1.280744 0.000000
v 4.607553 1.233096 0.157774
v 5.000004 1.286703 0.000000
v 5.000008 1.274954 0.150000
v 4.980095 1.272252 0.157774
v 4.411808 1.347033 0.157774
v 4.398700 1.368839 0.150000
v 4.388781 1.383921 0.155377
v 4.375008 1.406481 0.150000
v 4.355095 1.437138 0.157774
vn 0.3637 -0.0000 0.9315
vn -0.0000 -0.3358 0.9419
vn -0.0000 0.3358 0.9419
vn -0.3637 -0.0000 0.9315
vn -0.0000 -0.0000 -1.0000
vn -0.0000 -0.0000 1.0000
vn 1.0000 -0.0000 -0.0000
vn 0.1785 0.9391 -0.2938
vn -0.9657 0.0860 -0.2451
vn 0.7827 0.4545 -0.4253
vn 0.7827 0.4535 -0.4263
vn -0.8448 -0.5305 -0.0694
vn -0.8444 -0.5315 -0.0670
vn 0.1033 -0.9915 -0.0795
vn 0.1042 -0.9915 -0.0777
vt 0.116340 0.859627
vt 0.118998 0.862553
vt 0.118998 0.941675
vt 0.116340 0.945734
vt 0.427173 0.148677
vt 0.427173 0.158633
vt 0.424515 0.158251
vt 0.424515 0.145752
vt 0.109054 0.941024
vt 0.106174 0.941017
vt 0.106174 0.860443
vt 0.107062 0.859627
vt 0.109054 0.860953
vt 0.429727 0.898418
vt 0.426802 0.901076
vt 0.426802 0.878129
vt 0.429727 0.877602
vt 0.104345 0.948753
vt 0.103529 0.947865
vt 0.103529 0.862553
vt 0.106174 0.859627
vt 0.106174 0.945734
vt 0.613584 0.189204
vt 0.638094 0.231537
vt 0.638094 0.297440
vt 0.630548 0.298228
vt 0.570935 0.304401
vt 0.562547 0.291067
vt 0.532742 0.243568
vt 0.539469 0.168000
vt 0.608977 0.181265
vt 1.000000 0.281696
vt 0.998385 0.297195
vt 0.993172 0.346803
vt 0.983216 0.346801
vt 0.983216 0.271127
vt 0.438342 0.693310
vt 0.511078 0.693300
vt 0.511078 0.778612
vt 0.430504 0.778623
vt 0.430504 0.706812
vt 0.432006 0.704221
vt 0.980514 0.000000
vt 0.980514 0.071610
vt 0.979481 0.074499
vt 0.979481 0.086963
vt 0.959560 0.085290
vt 0.959560 0.019571
vt 0.159561 0.700647
vt 0.162487 0.703293
vt 0.162487 0.776029
vt 0.159561 0.773787
vt 0.917205 0.846847
vt 0.917205 0.919987
vt 0.914325 0.918856
vt 0.914325 0.823890
vt 0.917205 0.823901
vt 0.438822 0.862437
vt 0.430504 0.778623
vt 0.462500 0.778623
vt 0.454078 0.873215
vt 0.111980 0.937041
vt 0.109054 0.939698
vt 0.109054 0.859627
vt 0.111980 0.861367
vt 0.292803 0.921119
vt 0.285051 0.933463
vt 0.268394 0.959925
vt 0.268394 0.880803
vt 0.289210 0.880800
vt 0.962695 0.531768
vt 0.962694 0.461825
vt 0.983380 0.457063
vt 0.983380 0.540288
vt 0.706729 0.767842
vt 0.704919 0.843128
vt 0.683693 0.837614
vt 0.684659 0.797448
vt 0.685780 0.794580
vt 0.684798 0.791664
vt 0.685561 0.759915
vt 0.211305 0.951317
vt 0.211305 0.962698
vt 0.191161 0.941668
vt 0.191162 0.933390
vt 0.211305 0.928411
vt 0.211305 0.945261
vt 0.210313 0.948280
vt 0.191165 0.985808
vt 0.211305 0.965401
vt 0.684060 0.850235
vt 0.706331 0.891675
vt 0.686010 0.881482
vt 0.684850 0.877291
vt 0.706729 0.905304
vt 0.685709 0.906720
vt 0.685208 0.889557
vt 0.686159 0.886607
vt 0.685381 0.884541
vt 0.297324 0.933060
vt 0.297324 0.917591
vt 0.318358 0.918170
vt 0.318358 0.977695
vt 0.318358 0.985230
vt 0.298361 0.985218
vt 0.297324 0.982571
s 1
usemtl DestructibleWall
f 1580/1699/319 1582/1700/319 1581/1701/319 1579/1702/319
f 1585/1703/319 1586/1704/319 1584/1705/319 1583/1706/319
f 1588/1707/320 1587/1708/320 1589/1709/320 1590/1710/320 1591/1711/320
f 1592/1712/321 1594/1713/321 1595/1714/321 1593/1715/321
f 1597/1716/322 1596/1717/322 1598/1718/322 1599/1719/322 1600/1720/322
f 1608/1721/323 1609/1722/323 1602/1723/323 1601/1724/323 1603/1725/323 1604/1726/323 1605/1727/323 1606/1728/323 1607/1729/323
f 1612/1730/324 1610/1731/324 1611/1732/324 1614/1733/324 1613/1734/324
f 1617/1735/324 1618/1736/324 1619/1737/324 1620/1738/324 1616/1739/324 1615/1740/324
f 1621/1741/325 1623/1742/325 1624/1743/325 1625/1744/325 1626/1745/325 1622/1746/325
f 1630/1747/321 1629/1748/321 1627/1749/321 1628/1750/321
f 1635/1751/320 1632/1752/320 1631/1753/320 1633/1754/320 1634/1755/320
f 1636/1756/324 1637/1757/324 1639/1758/324 1638/1759/324
f 1642/1760/321 1643/1761/321 1641/1762/321 1640/1763/321
f 1648/1764/324 1645/1765/324 1644/1766/324 1646/1767/324 1647/1768/324
s 0
f 1653/1769/326 1650/1770/326 1649/1771/326 1652/1772/326
f 1650/1773/327 1665/1774/327 1663/1775/327 1662/1776/327 1661/1777/327 1651/1778/327 1649/1779/327
f 1656/1780/328 1657/1781/328 1658/1782/328 1653/1783/328 1652/1784/328 1654/1785/328 1655/1786/328
f 1660/1787/329 1658/1782/329 1657/1781/329 1659/1788/329
f 1664/1789/330 1663/1775/330 1665/1774/330 1666/1790/330
f 1677/1791/331 1678/1792/331 1664/1789/331 1666/1790/331 1667/1793/331 1668/1794/331 1674/1795/331 1675/1796/331 1676/1797/331
f 1670/1798/332 1668/1799/332 1667/1800/332 1669/1801/332
f 1671/1802/333 1672/1803/333 1673/1804/333 1670/1798/333 1669/1801/333
g SM_Env_Wall_Interior_Ground_01_cell.255_SM_Env_Wall_Interior_Ground_01_cell.280
v 3.114326 0.706225 0.157774
v 2.519920 0.706225 0.157774
v 3.128411 0.684419 0.150000
v 2.500008 0.684419 0.150000
v 3.040744 0.840395 0.001369
v 3.043595 0.835938 0.000000
v 3.004606 0.838007 0.000000
v 2.847691 0.827882 0.000000
v 1.956761 0.770102 0.000000
v 1.884768 0.642261 0.000000
v 1.801304 0.493555 0.000000
v 1.829358 0.454660 0.000000
v 2.160926 0.000000 0.000000
v 3.040478 0.000000 0.000000
v 3.160450 0.534897 0.000000
v 3.179025 0.617971 0.000000
v 2.480095 0.706225 0.157774
v 1.917666 0.706225 0.157774
v 2.500008 0.684419 0.150000
v 1.905540 0.684419 0.150000
v 2.519920 0.706225 0.157774
v 2.519920 0.845000 0.157774
v 2.500008 0.684419 0.150000
v 2.500008 0.841830 0.150000
v 3.169638 0.000000 0.150000
v 3.186244 0.021806 0.163605
v 1.848954 0.000000 0.150000
v 1.804755 0.021806 0.163605
v 3.200639 0.085987 0.163605
v 3.186244 0.021806 0.163605
v 3.279782 0.439938 0.163605
v 3.247045 0.492628 0.163605
v 3.141127 0.662614 0.163605
v 1.892991 0.662614 0.163605
v 1.671188 0.268749 0.163605
v 1.651529 0.233722 0.163605
v 1.770609 0.068629 0.163605
v 1.804755 0.021806 0.163605
v 3.141127 0.662614 0.163605
v 3.128411 0.684419 0.150000
v 1.892991 0.662614 0.163605
v 1.905540 0.684419 0.150000
v 2.500008 0.684419 0.150000
v 3.114326 0.706225 0.157774
v 3.058452 0.795897 0.157774
v 2.519920 0.706225 0.157774
v 2.519920 0.845000 0.157774
v 2.859065 0.866883 0.157774
v 2.868903 0.867445 0.157774
v 1.976009 0.809828 0.157774
v 1.917666 0.706225 0.157774
v 2.209069 0.824943 0.157774
v 2.480095 0.842431 0.157774
v 2.480095 0.706225 0.157774
v 2.480095 0.842431 0.157774
v 2.500008 0.841830 0.150000
v 2.480095 0.706225 0.157774
v 2.500008 0.684419 0.150000
v 3.169638 0.000000 0.150000
v 3.186244 0.021806 0.163605
v 3.040478 0.000000 0.000000
v 3.160450 0.534897 0.000000
v 3.200639 0.085987 0.163605
v 3.179025 0.617971 0.000000
v 3.279782 0.439938 0.163605
v 3.043595 0.835938 0.000000
v 3.040744 0.840395 0.001369
v 3.247045 0.492628 0.163605
v 3.058452 0.795897 0.157774
v 3.004606 0.838007 0.000000
v 2.868903 0.867445 0.157774
v 2.859065 0.866883 0.157774
v 2.519920 0.845000 0.157774
v 2.500008 0.841830 0.150000
v 2.480095 0.842431 0.157774
v 2.209069 0.824943 0.157774
v 1.976009 0.809828 0.157774
v 2.847691 0.827882 0.000000
v 1.956761 0.770102 0.000000
v 1.884768 0.642261 0.000000
v 1.671188 0.268749 0.163605
v 1.801304 0.493555 0.000000
v 1.651529 0.233722 0.163605
v 1.829358 0.454660 0.000000
v 1.770609 0.068629 0.163605
v 2.160926 0.000000 0.000000
v 1.848954 0.000000 0.150000
v 1.804755 0.021806 0.163605
v 1.892991 0.662614 0.163605
v 1.905540 0.684419 0.150000
v 1.917666 0.706225 0.157774
v 3.114326 0.706225 0.157774
v 3.128411 0.684419 0.150000
v 3.141127 0.662614 0.163605
v 3.169638 0.000000 0.150000
v 1.848954 0.000000 0.150000
v 3.040478 0.000000 0.000000
v 2.160926 0.000000 0.000000
vn -0.0000 -0.3358 0.9419
vn -0.0000 -0.0000 -1.0000
vn -0.3637 -0.0000 0.9315
vn -0.0000 -0.5293 0.8484
vn -0.0000 -0.0000 1.0000
vn -0.0000 0.5293 0.8484
vn 0.3637 -0.0000 0.9315
vn 0.7471 -0.1676 -0.6433
vn 0.7478 -0.1672 -0.6425
vn 0.8483 0.5271 0.0511
vn 0.8475 0.5281 0.0543
vn 0.3444 0.9125 0.2206
vn -0.0555 0.9718 -0.2291
vn -0.0626 0.9699 -0.2352
vn -0.0629 0.9696 -0.2365
vn -0.8712 0.4906 -0.0172
vn -0.8718 0.4893 -0.0210
vn -0.4164 -0.3003 -0.8582
vn -0.4132 -0.3013 -0.8594
vn -0.0000 -1.0000 -0.0000
vt 0.623251 0.927511
vt 0.623251 0.848359
vt 0.626132 0.845714
vt 0.626132 0.929393
vt 0.272750 0.359716
vt 0.280442 0.478293
vt 0.281790 0.499178
vt 0.282104 0.503982
vt 0.281514 0.504367
vt 0.252496 0.522413
vt 0.241437 0.519949
vt 0.170226 0.504030
vt 0.170226 0.386962
vt 0.230755 0.342788
vt 0.235933 0.339050
vt 0.255730 0.350146
vt 0.513958 0.938912
vt 0.511078 0.936254
vt 0.511078 0.861360
vt 0.513958 0.859752
vt 0.396984 0.167107
vt 0.394339 0.164227
vt 0.394339 0.145752
vt 0.396984 0.146151
vt 0.167272 0.597144
vt 0.167272 0.413183
vt 0.170135 0.419081
vt 0.170135 0.594945
vt 0.509582 0.366985
vt 0.515816 0.371533
vt 0.515816 0.555494
vt 0.507271 0.557409
vt 0.460149 0.567942
vt 0.453134 0.563581
vt 0.430504 0.549474
vt 0.430504 0.383271
vt 0.482940 0.353742
vt 0.487603 0.351125
vt 0.170135 0.597144
vt 0.170135 0.763348
vt 0.167192 0.761666
vt 0.167192 0.677987
vt 0.167192 0.598826
vt 0.966275 0.367985
vt 0.984751 0.367988
vt 0.984751 0.447140
vt 0.972813 0.439698
vt 0.963287 0.414456
vt 0.963362 0.413146
vt 0.984854 0.007767
vt 0.998647 -0.000000
vt 0.998647 0.074894
vt 0.980514 0.074891
vt 0.982842 0.038801
vt 0.399642 0.145752
vt 0.399642 0.163885
vt 0.396984 0.166766
vt 0.396984 0.145809
vt 0.649489 0.950695
vt 0.647858 0.953416
vt 0.629186 0.952062
vt 0.627661 0.882298
vt 0.649306 0.942324
vt 0.627424 0.871462
vt 0.648299 0.896157
vt 0.628586 0.841118
vt 0.628793 0.840496
vt 0.648580 0.888822
vt 0.649489 0.865154
vt 0.649424 0.846600
vt 0.648944 0.859085
vt 0.647790 0.862126
vt 0.318566 0.917591
vt 0.297488 0.915057
vt 0.318141 0.892047
vt 0.297324 0.910258
vt 0.318145 0.890740
vt 0.297398 0.889419
vt 0.318454 0.804417
vt 0.318325 0.840411
vt 0.317293 0.843065
vt 0.318306 0.845700
vt 0.297824 0.771100
vt 0.318566 0.773466
vt 0.683693 0.977393
vt 0.683693 0.925974
vt 0.685500 0.923045
vt 0.684467 0.920245
vt 0.684467 0.906720
vt 0.705427 0.910955
vt 0.705427 0.927644
vt 0.705430 0.947059
vt 0.683693 0.981966
vt 0.761178 0.128644
vt 0.761308 0.101537
vt 0.798612 0.085320
vt 0.798581 0.091706
vt 0.761181 0.136361
vt 0.798612 0.166640
vt 0.764295 0.142174
vt 0.898861 0.429777
vt 0.878889 0.446968
vt 0.878889 0.271127
vt 0.898861 0.312670
s 1
usemtl DestructibleWall
f 1679/1805/334 1680/1806/334 1682/1807/334 1681/1808/334
f 1687/1809/335 1686/1810/335 1685/1811/335 1683/1812/335 1684/1813/335 1694/1814/335 1693/1815/335 1692/1816/335 1691/1817/335 1690/1818/335 1689/1819/335 1688/1820/335
f 1697/1821/334 1695/1822/334 1696/1823/334 1698/1824/334
f 1701/1825/336 1699/1826/336 1700/1827/336 1702/1828/336
f 1704/1829/337 1706/1830/337 1705/1831/337 1703/1832/337
f 1715/1833/338 1716/1834/338 1708/1835/338 1707/1836/338 1709/1837/338 1710/1838/338 1711/1839/338 1712/1840/338 1713/1841/338 1714/1842/338
f 1719/1843/339 1717/1844/339 1718/1845/339 1721/1846/339 1720/1847/339
f 1725/1848/338 1724/1849/338 1722/1850/338 1723/1851/338 1727/1852/338 1726/1853/338
f 1728/1854/338 1729/1855/338 1732/1856/338 1731/1857/338 1730/1858/338
f 1733/1859/340 1735/1860/340 1736/1861/340 1734/1862/340
s 0
f 1738/1863/341 1737/1864/341 1739/1865/341 1740/1866/341 1741/1867/341
f 1740/1866/342 1742/1868/342 1743/1869/342 1741/1867/342
f 1742/1868/343 1744/1870/343 1745/1871/343 1746/1872/343 1743/1869/343
f 1772/1873/344 1746/1872/344 1745/1871/344 1747/1874/344 1770/1875/344 1771/1876/344
f 1747/1877/345 1745/1878/345 1749/1879/345
f 1745/1878/346 1748/1880/346 1750/1881/346 1749/1879/346
f 1756/1882/347 1754/1883/347 1753/1884/347 1752/1885/347 1751/1886/347 1750/1881/347 1748/1880/347
f 1757/1887/348 1755/1888/348 1754/1883/348 1756/1882/348
f 1759/1889/349 1767/1890/349 1768/1891/349 1769/1892/349 1755/1893/349 1757/1894/349 1758/1895/349
f 1759/1889/350 1758/1895/350 1760/1896/350 1761/1897/350
f 1763/1898/351 1761/1899/351 1760/1900/351 1762/1901/351
f 1766/1902/352 1763/1898/352 1762/1901/352 1764/1903/352 1765/1904/352
s 1
f 1775/1905/353 1773/1906/353 1774/1907/353 1776/1908/353
g SM_Env_Wall_Interior_Ground_01_cell.270_SM_Env_Wall_Interior_Ground_01_cell.295
v 1.384123 3.000000 0.150000
v 2.570013 3.000000 0.150000
v 1.419775 3.000000 0.000000
v 2.430555 3.000000 0.000000
v 2.480095 2.715872 0.157774
v 1.490930 2.715872 0.157774
v 2.500008 2.737678 0.150000
v 1.484439 2.737678 0.150000
v 2.519920 2.715872 0.157774
v 2.519920 2.180692 0.157774
v 2.500008 2.737678 0.150000
v 2.500008 2.173740 0.150000
v 2.500008 2.737678 0.150000
v 1.484439 2.737678 0.150000
v 2.629791 2.737678 0.150000
v 2.637779 2.758131 0.163605
v 1.473384 2.758131 0.163605
v 1.786682 2.114722 0.157774
v 1.839311 2.075064 0.157774
v 1.694264 2.184477 0.157774
v 1.638671 2.329533 0.157774
v 1.490930 2.715872 0.157774
v 2.480095 2.715872 0.157774
v 2.480095 2.167700 0.157774
v 2.196128 2.075064 0.157774
v 1.839311 2.075064 0.157774
v 1.876455 2.053258 0.150000
v 2.196128 2.075064 0.157774
v 2.130684 2.053258 0.150000
v 1.897186 2.031453 0.157774
v 1.876455 2.053258 0.150000
v 2.062444 2.031453 0.157774
v 2.130684 2.053258 0.150000
v 1.947114 1.993829 0.157774
v 1.897186 2.031453 0.157774
v 2.062444 2.031453 0.157774
v 2.071919 2.025281 0.000000
v 2.033334 2.054357 0.000000
v 2.226616 2.075747 0.000000
v 2.321532 2.107000 0.000000
v 2.570965 2.310926 0.000000
v 2.583951 2.321568 0.000000
v 2.451601 2.907647 0.000000
v 2.430555 3.000000 0.000000
v 1.419775 3.000000 0.000000
v 1.467189 2.876014 0.000000
v 1.679836 2.321170 0.000000
v 2.480095 2.167700 0.157774
v 2.500008 2.173740 0.150000
v 2.480095 2.715872 0.157774
v 2.500008 2.737678 0.150000
v 2.590328 2.203661 0.157774
v 2.519920 2.180692 0.157774
v 2.615148 2.211833 0.157774
v 2.680372 2.265158 0.157774
v 2.734310 2.309361 0.157774
v 2.699888 2.461786 0.157774
v 2.641987 2.715872 0.157774
v 2.519920 2.715872 0.157774
v 1.392051 2.970813 0.163605
v 1.473384 2.758131 0.163605
v 2.589313 2.970813 0.163605
v 2.637779 2.758131 0.163605
v 1.384123 3.000000 0.150000
v 1.392051 2.970813 0.163605
v 2.570013 3.000000 0.150000
v 2.589313 2.970813 0.163605
v 2.641987 2.715872 0.157774
v 2.629791 2.737678 0.150000
v 2.519920 2.715872 0.157774
v 2.500008 2.737678 0.150000
v 1.897186 2.031453 0.157774
v 1.947114 1.993829 0.157774
v 1.876455 2.053258 0.150000
v 1.839311 2.075064 0.157774
v 1.786682 2.114722 0.157774
v 2.033334 2.054357 0.000000
v 1.694264 2.184477 0.157774
v 1.638671 2.329533 0.157774
v 1.679836 2.321170 0.000000
v 1.467189 2.876014 0.000000
v 1.419775 3.000000 0.000000
v 1.384123 3.000000 0.150000
v 1.392051 2.970813 0.163605
v 1.473384 2.758131 0.163605
v 1.484439 2.737678 0.150000
v 1.490930 2.715872 0.157774
v 2.071919 2.025281 0.000000
v 2.226616 2.075747 0.000000
v 2.590328 2.203661 0.157774
v 2.321532 2.107000 0.000000
v 2.615148 2.211833 0.157774
v 2.570965 2.310926 0.000000
v 2.680372 2.265158 0.157774
v 2.583951 2.321568 0.000000
v 2.734310 2.309361 0.157774
v 2.451601 2.907647 0.000000
v 2.699888 2.461786 0.157774
v 2.430555 3.000000 0.000000
v 2.570013 3.000000 0.150000
v 2.589313 2.970813 0.163605
v 2.637779 2.758131 0.163605
v 2.629791 2.737678 0.150000
v 2.641987 2.715872 0.157774
v 2.519920 2.180692 0.157774
v 2.500008 2.173740 0.150000
v 2.480095 2.167700 0.157774
v 2.196128 2.075064 0.157774
v 2.130684 2.053258 0.150000
v 2.062444 2.031453 0.157774
vn -0.0000 1.0000 -0.0000
vn -0.0000 0.3358 0.9419
vn -0.3637 -0.0000 0.9315
vn -0.0000 -0.5538 0.8326
vn -0.0000 -0.0000 1.0000
vn -0.0000 -0.3358 0.9419
vn -0.0000 -0.0000 -1.0000
vn 0.3637 -0.0000 0.9315
vn -0.0000 0.4225 0.9064
vn -0.5080 -0.6741 -0.5362
vn -0.5082 -0.6734 -0.5369
vn -0.9111 -0.3492 -0.2192
vn -0.9118 -0.3487 -0.2167
vn 0.3097 -0.9492 0.0557
vn 0.3124 -0.9487 0.0490
vn 0.5274 -0.6451 -0.5529
vn 0.5281 -0.6444 -0.5531
vn 0.7205 0.1627 -0.6741
vn 0.7224 0.1646 -0.6716
vt 0.920086 0.666059
vt 0.920086 0.823890
vt 0.900132 0.805360
vt 0.900132 0.670835
vt 0.709655 0.760773
vt 0.709655 0.892492
vt 0.706729 0.895150
vt 0.706729 0.759915
vt 0.508135 0.976809
vt 0.508135 0.905559
vt 0.510780 0.902633
vt 0.510780 0.977711
vt 0.712736 0.761399
vt 0.712736 0.896634
vt 0.712736 0.913916
vt 0.710053 0.914968
vt 0.710053 0.759915
vt 0.655499 0.370805
vt 0.674810 0.378211
vt 0.684097 0.390519
vt 0.689377 0.397528
vt 0.689377 0.445042
vt 0.677044 0.482854
vt 0.604065 0.482844
vt 0.604065 0.351125
vt 0.967391 0.787140
vt 0.964511 0.795848
vt 0.964511 0.748334
vt 0.967391 0.753287
vt 0.925238 0.259915
vt 0.922312 0.269008
vt 0.922312 0.235154
vt 0.925238 0.237909
vt 0.384163 0.152401
vt 0.379154 0.167758
vt 0.379154 0.145752
vt 0.455080 0.123329
vt 0.416722 0.142478
vt 0.403485 0.143746
vt 0.381924 0.145752
vt 0.377767 0.140842
vt 0.339700 0.095800
vt 0.328361 0.017495
vt 0.325841 -0.000000
vt 0.457053 0.029716
vt 0.457077 0.042328
vt 0.457077 0.122328
vt 0.406235 0.902774
vt 0.406235 0.975753
vt 0.403577 0.974927
vt 0.403577 0.899849
vt 0.924341 0.618069
vt 0.932051 0.584241
vt 0.948306 0.584239
vt 0.948306 0.655488
vt 0.938930 0.652432
vt 0.935625 0.651344
vt 0.926940 0.644246
vt 0.919757 0.638362
vt 0.825463 0.457063
vt 0.853778 0.467898
vt 0.853778 0.622950
vt 0.825463 0.616493
vt 0.320570 0.523458
vt 0.320570 0.682887
vt 0.316644 0.680328
vt 0.316644 0.522413
vt 0.402399 0.145752
vt 0.405325 0.148397
vt 0.405325 0.164652
vt 0.402399 0.163034
vt 0.371325 0.802609
vt 0.372407 0.799799
vt 0.371419 0.794802
vt 0.371504 0.787703
vt 0.392381 0.820689
vt 0.392319 0.825894
vt 0.371244 0.809344
vt 0.392955 0.773006
vt 0.371654 0.775237
vt 0.516601 0.955448
vt 0.516601 0.935874
vt 0.537919 0.862863
vt 0.537920 0.937734
vt 0.515816 0.878014
vt 0.515817 0.849315
vt 0.517655 0.845439
vt 0.537920 0.846132
vt 0.516603 0.883743
vt 0.517654 0.880836
vt 0.371325 0.824612
vt 0.392427 0.846374
vt 0.371695 0.894498
vt 0.371645 0.885177
vt 0.372666 0.882542
vt 0.371617 0.879905
vt 0.371419 0.842310
vt 0.372407 0.833648
vt 0.392494 0.858939
vt 0.371712 0.897784
vt 0.392932 0.891678
vt 0.371827 0.906345
vt 0.392955 0.893383
vt 0.371922 0.913424
vt 0.942432 0.548731
vt 0.942421 0.469544
vt 0.961972 0.531111
vt 0.961975 0.551706
vt 0.961008 0.458315
vt 0.962694 0.462373
vt 0.962694 0.491113
vt 0.961008 0.493764
vt 0.961972 0.496775
vt 0.942421 0.457063
s 1
usemtl DestructibleWall
f 1777/1909/354 1778/1910/354 1780/1911/354 1779/1912/354
f 1782/1913/355 1781/1914/355 1783/1915/355 1784/1916/355
f 1786/1917/356 1785/1918/356 1787/1919/356 1788/1920/356
f 1790/1921/357 1789/1922/357 1791/1923/357 1792/1924/357 1793/1925/357
f 1797/1926/358 1796/1927/358 1794/1928/358 1795/1929/358 1801/1930/358 1800/1931/358 1799/1932/358 1798/1933/358
f 1805/1934/359 1804/1935/359 1802/1936/359 1803/1937/359
f 1808/1938/355 1809/1939/355 1807/1940/355 1806/1941/355
f 1810/1942/358 1812/1943/358 1811/1944/358
f 1817/1945/360 1816/1946/360 1815/1947/360 1813/1948/360 1814/1949/360 1823/1950/360 1822/1951/360 1821/1952/360 1820/1953/360 1819/1954/360 1818/1955/360
f 1826/1956/361 1824/1957/361 1825/1958/361 1827/1959/361
f 1833/1960/358 1834/1961/358 1835/1962/358 1829/1963/358 1828/1964/358 1830/1965/358 1831/1966/358 1832/1967/358
f 1836/1968/358 1837/1969/358 1839/1970/358 1838/1971/358
f 1841/1972/362 1843/1973/362 1842/1974/362 1840/1975/362
f 1847/1976/355 1846/1977/355 1844/1978/355 1845/1979/355
s 0
f 1848/1980/363 1850/1981/363 1851/1982/363 1852/1983/363 1853/1984/363 1864/1985/363 1849/1986/363
f 1856/1987/364 1853/1984/364 1852/1983/364 1854/1988/364
f 1854/1989/365 1855/1990/365 1857/1991/365 1856/1992/365
f 1861/1993/366 1860/1994/366 1859/1995/366 1858/1996/366 1857/1991/366 1855/1990/366 1863/1997/366 1862/1998/366
f 1886/1999/367 1849/1986/367 1864/1985/367 1865/2000/367 1866/2001/367 1881/2002/367 1882/2003/367 1883/2004/367 1884/2005/367 1885/2006/367
f 1867/2007/368 1868/2008/368 1866/2001/368 1865/2000/368
f 1869/2009/369 1870/2010/369 1868/2008/369 1867/2007/369
f 1870/2010/370 1869/2009/370 1871/2011/370 1872/2012/370
f 1871/2013/371 1873/2014/371 1874/2015/371 1872/2016/371
f 1876/2017/372 1877/2018/372 1878/2019/372 1879/2020/372 1880/2021/372 1874/2015/372 1873/2014/372 1875/2022/372
g SM_Env_Wall_Interior_Ground_01_cell.280_SM_Env_Wall_Interior_Ground_01_cell.305
v 4.400770 3.000000 0.000000
v 4.547361 3.000000 0.150000
v 5.000004 3.000000 0.000000
v 5.000008 3.000000 0.150000
v 5.000004 3.000000 0.000000
v 5.000004 2.614646 0.000000
v 5.000008 3.000000 0.150000
v 5.000004 2.970813 0.163605
v 5.000004 2.758131 0.163605
v 5.000008 2.737678 0.150000
v 5.000008 2.522933 0.150000
v 5.000008 3.000000 0.150000
v 4.547361 3.000000 0.150000
v 5.000004 2.970813 0.163605
v 4.514010 2.970813 0.163605
v 5.000008 2.737678 0.150000
v 4.128240 2.737678 0.150000
v 5.000004 2.758131 0.163605
v 4.174109 2.758131 0.163605
v 4.980095 2.715872 0.157774
v 4.980095 2.476956 0.157774
v 5.000008 2.737678 0.150000
v 5.000008 2.522933 0.150000
v 5.000004 2.614646 0.000000
v 5.000008 2.522933 0.150000
v 4.781240 2.161658 0.000000
v 4.845560 2.198560 0.157774
v 4.383290 2.236665 0.000000
v 4.742055 2.218069 0.157774
v 4.258727 2.260314 0.000000
v 4.223732 2.316474 0.157774
v 4.241253 2.327840 0.000000
v 4.151023 2.597459 0.157774
v 4.114239 2.820417 0.000000
v 4.117674 2.729213 0.153018
v 4.372349 2.982218 0.000000
v 4.178422 2.760835 0.163605
v 4.400770 3.000000 0.000000
v 4.547361 3.000000 0.150000
v 4.514010 2.970813 0.163605
v 4.174109 2.758131 0.163605
v 4.128240 2.737678 0.150000
v 4.120490 2.715872 0.157774
v 4.980095 2.476956 0.157774
v 4.845560 2.198560 0.157774
v 4.980095 2.476956 0.157774
v 4.742055 2.218069 0.157774
v 4.223732 2.316474 0.157774
v 4.151023 2.597459 0.157774
v 4.120490 2.715872 0.157774
v 4.980095 2.715872 0.157774
v 4.781240 2.161658 0.000000
v 5.000004 2.614646 0.000000
v 4.383290 2.236665 0.000000
v 4.258727 2.260314 0.000000
v 4.241253 2.327840 0.000000
v 4.114239 2.820417 0.000000
v 4.372349 2.982218 0.000000
v 4.400770 3.000000 0.000000
v 5.000004 3.000000 0.000000
v 4.120490 2.715872 0.157774
v 4.117674 2.729213 0.153018
v 4.980095 2.715872 0.157774
v 5.000008 2.737678 0.150000
v 4.128240 2.737678 0.150000
v 4.178422 2.760835 0.163605
v 4.174109 2.758131 0.163605
v 4.514010 2.970813 0.163605
v 5.000004 2.970813 0.163605
v 5.000004 2.758131 0.163605
vn -0.0000 1.0000 -0.0000
vn 1.0000 -0.0000 -0.0000
vn -0.0000 0.4225 0.9064
vn -0.0000 -0.5538 0.8326
vn 0.3637 -0.0000 0.9315
vn 0.8703 -0.4204 -0.2568
vn -0.1771 -0.9399 0.2920
vn -0.1782 -0.9388 0.2946
vn -0.9606 -0.2486 -0.1246
vn -0.9606 -0.2477 -0.1261
vn -0.4718 0.7527 0.4592
vn -0.4709 0.7526 0.4602
vn -0.0000 -0.0000 1.0000
vn -0.0000 -0.0000 -1.0000
vn -0.0000 0.3358 0.9419
vt 0.942024 0.910723
vt 0.961977 0.930202
vt 0.961977 0.990445
vt 0.942024 0.990475
vt 0.920086 0.972508
vt 0.920086 0.921348
vt 0.940007 0.921462
vt 0.941814 0.925347
vt 0.941814 0.953583
vt 0.940007 0.956288
vt 0.940007 0.984797
vt 0.716943 0.347108
vt 0.713018 0.347119
vt 0.713018 0.286844
vt 0.716943 0.282392
vt 0.234799 0.821552
vt 0.237482 0.815456
vt 0.237482 0.931542
vt 0.234799 0.931530
vt 0.939596 0.235154
vt 0.942254 0.238080
vt 0.942254 0.269887
vt 0.939596 0.263743
vt 0.920917 0.456970
vt 0.920917 0.399055
vt 0.940373 0.412068
vt 0.941382 0.418013
vt 0.941383 0.453605
vt 0.983216 0.292499
vt 0.983216 0.345657
vt 0.962314 0.354193
vt 0.962314 0.340367
vt 0.983216 0.275859
vt 0.962315 0.271127
vt 0.985546 0.262414
vt 0.964395 0.254422
vt 0.964393 0.216678
vt 0.985546 0.253343
vt 0.964393 0.200773
vt 0.965031 0.198995
vt 0.985546 0.187180
vt 0.560300 0.938536
vt 0.537920 0.964073
vt 0.537922 0.930421
vt 0.558852 0.930632
vt 0.558440 0.932015
vt 0.560300 0.937974
vt 0.537920 0.967779
vt 0.560300 0.982291
vt 0.558439 0.986660
vt 0.728501 0.555657
vt 0.765909 0.565344
vt 0.779010 0.634367
vt 0.781607 0.648150
vt 0.744544 0.666059
vt 0.712736 0.666055
vt 0.712736 0.551589
vt 0.627425 0.669467
vt 0.576122 0.669503
vt 0.515816 0.640428
vt 0.525801 0.587454
vt 0.528950 0.570872
vt 0.537940 0.568540
vt 0.603517 0.551589
vt 0.625057 0.585928
vt 0.627425 0.589709
vt 0.400486 0.812804
vt 0.400486 0.927270
vt 0.397560 0.929928
vt 0.397560 0.813842
vt 0.398696 0.812433
vt 0.349523 0.882983
vt 0.321208 0.882979
vt 0.321208 0.818264
vt 0.349163 0.773580
vt 0.349523 0.773006
s 1
usemtl DestructibleWall
f 1887/2023/373 1888/2024/373 1890/2025/373 1889/2026/373
f 1892/2027/374 1891/2028/374 1893/2029/374 1894/2030/374 1895/2031/374 1896/2032/374 1897/2033/374
f 1900/2034/375 1898/2035/375 1899/2036/375 1901/2037/375
f 1905/2038/376 1903/2039/376 1902/2040/376 1904/2041/376
f 1908/2042/377 1906/2043/377 1907/2044/377 1909/2045/377
s 0
f 1912/2046/378 1910/2047/378 1911/2048/378 1930/2049/378 1913/2050/378
f 1914/2051/379 1912/2052/379 1913/2053/379 1915/2054/379
f 1916/2055/380 1914/2051/380 1915/2054/380 1917/2056/380
f 1916/2057/381 1917/2058/381 1919/2059/381 1918/2060/381
f 1918/2060/382 1919/2059/382 1929/2061/382 1921/2062/382 1920/2063/382
f 1923/2064/383 1922/2065/383 1920/2066/383 1921/2067/383 1928/2068/383 1927/2069/383
f 1924/2070/384 1922/2065/384 1923/2064/384 1926/2071/384 1925/2072/384
s 1
f 1935/2073/385 1934/2074/385 1933/2075/385 1931/2076/385 1932/2077/385 1937/2078/385 1936/2079/385
f 1946/2080/386 1939/2081/386 1938/2082/386 1940/2083/386 1941/2084/386 1942/2085/386 1943/2086/386 1944/2087/386 1945/2088/386
f 1947/2089/387 1949/2090/387 1950/2091/387 1951/2092/387 1948/2093/387
f 1956/2094/385 1955/2095/385 1954/2096/385 1952/2097/385 1953/2098/385
g SM_Env_Wall_Interior_Ground_01_cell.287_SM_Env_Wall_Interior_Ground_01_cell.312
v 4.510734 2.970813 0.163605
v 4.544163 3.000000 0.150000
v 4.170335 2.758131 0.163605
v 4.124314 2.737678 0.150000
v 4.116853 2.731719 0.152124
v 4.113212 2.822260 0.000000
v 4.107007 2.737678 0.150000
v 4.047760 2.758131 0.163605
v 3.999846 2.781093 0.163605
v 3.697297 3.000000 0.036982
v 3.770091 2.891603 0.163605
v 3.672913 3.000000 0.057219
v 3.724594 2.970813 0.163605
v 3.703364 3.000000 0.150000
v 3.742339 3.000000 0.000000
v 4.220748 2.889449 0.000000
v 4.397001 3.000000 0.000000
v 4.170335 2.758131 0.163605
v 4.124314 2.737678 0.150000
v 4.047760 2.758131 0.163605
v 4.107007 2.737678 0.150000
v 4.116853 2.731719 0.152124
v 4.124314 2.737678 0.150000
v 4.107007 2.737678 0.150000
v 4.113212 2.822260 0.000000
v 4.220748 2.889449 0.000000
v 3.742339 3.000000 0.000000
v 4.397001 3.000000 0.000000
v 4.510734 2.970813 0.163605
v 4.544163 3.000000 0.150000
v 3.724594 2.970813 0.163605
v 3.703364 3.000000 0.150000
v 3.770091 2.891603 0.163605
v 3.999846 2.781093 0.163605
v 3.724594 2.970813 0.163605
v 4.510734 2.970813 0.163605
v 4.170335 2.758131 0.163605
v 4.047760 2.758131 0.163605
v 3.697297 3.000000 0.036982
v 3.672913 3.000000 0.057219
v 3.742339 3.000000 0.000000
v 4.397001 3.000000 0.000000
v 4.544163 3.000000 0.150000
v 3.703364 3.000000 0.150000
vn 0.4706 -0.7532 -0.4596
vn -0.3824 -0.7980 -0.4658
vn -0.3842 -0.7988 -0.4629
vn -0.8340 -0.4790 0.2737
vn 0.4712 -0.7512 -0.4623
vn -0.0000 -0.5538 0.8326
vn -0.0000 0.3358 0.9419
vn -0.0000 -0.0000 -1.0000
vn -0.0000 0.4225 0.9064
vn -0.0000 -0.0000 1.0000
vn -0.0000 1.0000 -0.0000
vt 0.046676 0.933171
vt 0.044802 0.928787
vt 0.044344 0.883957
vt 0.046112 0.877877
vt 0.045816 0.876897
vt 0.066266 0.876209
vt 0.066410 0.890371
vt 0.066648 0.826418
vt 0.046112 0.875573
vt 0.044344 0.867637
vt 0.044394 0.861204
vt 0.061724 0.820420
vt 0.044631 0.830358
vt 0.059029 0.817173
vt 0.363283 0.153827
vt 0.372179 0.145752
vt 0.372179 0.165640
vt 0.364725 0.157873
vt 0.066648 0.913583
vt 0.410896 0.162074
vt 0.410896 0.145752
vt 0.413579 0.153653
vt 0.413579 0.155958
vt 0.167822 0.188745
vt 0.168621 0.190054
vt 0.167822 0.191050
vt 0.439449 0.936902
vt 0.430504 0.922595
vt 0.454167 0.873215
vt 0.454167 0.960351
vt 0.162487 0.700647
vt 0.166413 0.703464
vt 0.166413 0.808147
vt 0.162487 0.812609
vt 0.870179 0.006060
vt 0.884892 0.036656
vt 0.887949 0.043037
vt 0.887949 0.059359
vt 0.859634 0.104684
vt 0.859634 0.000000
vt 0.961585 0.781996
vt 0.941632 0.762440
vt 0.941632 0.675311
vt 0.946551 0.669309
vt 0.949243 0.666059
vt 0.961585 0.670093
s 0
usemtl DestructibleWall
f 1958/2099/388 1957/2100/388 1959/2101/388 1960/2102/388 1961/2103/388 1962/2104/388 1972/2105/388
f 1971/2106/389 1962/2104/389 1961/2103/389 1963/2107/389 1964/2108/389 1965/2109/389 1966/2110/389
f 1966/2110/390 1965/2109/390 1967/2111/390 1968/2112/390
f 1970/2113/391 1968/2114/391 1967/2115/391 1969/2116/391
f 1958/2099/392 1972/2105/392 1973/2117/392
s 1
f 1974/2118/393 1976/2119/393 1977/2120/393 1975/2121/393
f 1980/2122/394 1978/2123/394 1979/2124/394
f 1982/2125/395 1981/2126/395 1983/2127/395 1984/2128/395
f 1988/2129/396 1987/2130/396 1985/2131/396 1986/2132/396
f 1989/2133/397 1990/2134/397 1994/2135/397 1993/2136/397 1992/2137/397 1991/2138/397
f 1999/2139/398 1998/2140/398 1997/2141/398 1995/2142/398 1996/2143/398 2000/2144/398
