# Blender 5.0.0
# www.blender.org
mtllib BrokenWall.mtl
g Wall_cell_Wall_cell.008
v -6.537500 -3.000000 0.134040
v -6.537500 -3.000000 -0.134040
v -4.050726 -1.849917 0.134040
v -4.142649 -1.654100 0.134040
v -3.542228 -2.860911 -0.134040
v -4.124671 -1.620170 -0.134040
v -3.511782 -3.000000 0.134040
v -3.477049 -3.000000 -0.134040
v -4.441111 -1.542563 0.134040
v -6.015802 -0.913445 -0.134040
v -6.034612 -0.947743 0.134040
v -6.264334 -0.820673 -0.134040
v -6.537500 -0.953645 0.134040
v -6.483773 -0.952941 0.134040
v -6.537500 -0.874393 -0.029757
v -6.537500 -0.823967 -0.134040
v -4.050726 -1.849917 0.134040
v -4.142649 -1.654100 0.134040
v -3.542228 -2.860911 -0.134040
v -4.124671 -1.620170 -0.134040
v -3.477049 -3.000000 -0.134040
v -3.477049 -3.000000 -0.134040
v -3.511782 -3.000000 0.134040
v -3.511782 -3.000000 0.134040
v -4.441111 -1.542563 0.134040
v -6.015802 -0.913445 -0.134040
v -6.034612 -0.947743 0.134040
v -6.264334 -0.820673 -0.134040
v -6.537500 -0.953645 0.134040
v -6.537500 -0.953645 0.134040
v -6.483773 -0.952941 0.134040
v -6.537500 -0.874393 -0.029757
v -6.537500 -0.823967 -0.134040
v -6.537500 -0.823967 -0.134040
v -6.537500 -3.000000 0.134040
v -6.537500 -3.000000 0.134040
v -6.537500 -3.000000 -0.134040
v -6.537500 -3.000000 -0.134040
vn 0.8993 0.4222 0.1137
vn 0.8993 0.4214 0.1165
vn 0.3466 0.9274 0.1406
vn 0.3461 0.9272 0.1429
vn -0.0118 0.9001 0.4355
vn -0.0106 0.9001 0.4355
vn -0.0000 -0.0000 -1.0000
vn -1.0000 -0.0000 -0.0000
vn -0.0000 -0.0000 1.0000
vn -0.0000 -1.0000 -0.0000
vt 0.863429 0.000000
vt 1.000000 0.136301
vt 1.000000 0.863635
vt 0.134653 0.000000
vt 0.963706 0.863649
vt 0.863635 0.863635
vt 0.136301 0.136301
vt 0.963761 0.136410
vt 1.000000 0.136571
vt 1.000000 0.865347
vt 0.134665 0.000000
vt 0.863431 0.000000
vt 0.863431 0.863431
vt 0.134666 0.134666
vt 0.134921 0.000000
vt 0.865069 0.000000
vt 1.000000 0.136584
vt 1.000000 0.581722
vt 0.482001 0.065255
vt 1.000000 0.134931
vt 1.000000 0.865079
vt 0.865155 0.743501
vt 0.581722 0.581722
vt 0.136584 0.136584
vt 0.020892 0.020892
vt 0.039900 0.039900
vt 0.184538 0.184538
vt 0.229084 0.229084
vt 0.234069 0.234069
vt 0.000000 1.000000
vt 0.000000 0.000000
vt 1.000000 0.000000
vt 1.000000 0.341059
vt 0.389000 0.354268
vt 0.000000 0.362672
vt 0.231412 0.231412
vt 0.190193 0.190193
vt 0.183163 0.183163
vt 0.160336 0.160336
vt 0.038462 0.038462
vt 0.004109 0.004109
vt 0.234069 0.234069
vt 0.231412 0.231412
s 0
usemtl Brown.001
f 18/1/1 17/2/1 19/3/1 20/4/1
f 21/5/2 19/6/2 17/7/2 23/8/2
f 18/9/3 20/10/3 26/11/3 25/12/3
f 25/13/4 26/14/4 28/15/4 27/16/4
f 31/17/5 32/18/5 29/19/5
f 27/20/6 28/21/6 33/22/6 32/23/6 31/24/6
s 1
f 12/25/7 10/26/7 6/27/7 5/28/7 22/29/7 37/30/7 34/30/7
f 38/31/8 35/32/8 30/33/8 15/34/8 16/35/8
f 36/31/9 24/36/9 3/37/9 4/38/9 9/39/9 11/40/9 14/41/9 13/30/9
f 2/31/10 8/42/10 7/43/10 1/30/10
g Wall_cell.001_Wall_cell.009
v -6.537500 3.000000 0.134040
v -6.537500 3.000000 -0.134040
v -4.529567 3.000000 0.134040
v -4.807306 3.000000 -0.134040
v -6.035635 -0.945111 0.134040
v -6.265420 -0.819017 -0.134040
v -6.447919 -0.951189 0.134040
v -6.330539 -0.819978 -0.134040
v -6.537500 -0.952308 0.134040
v -6.537500 -0.924969 0.077553
v -6.352489 -0.820251 -0.134040
v -6.537500 -0.821989 -0.134040
v -4.529567 3.000000 0.134040
v -4.529567 3.000000 0.134040
v -4.807306 3.000000 -0.134040
v -4.807306 3.000000 -0.134040
v -6.265420 -0.819017 -0.134040
v -6.035635 -0.945111 0.134040
v -6.330539 -0.819978 -0.134040
v -6.447919 -0.951189 0.134040
v -6.352489 -0.820251 -0.134040
v -6.537500 -0.952308 0.134040
v -6.537500 -0.952308 0.134040
v -6.537500 -0.924969 0.077553
v -6.537500 -0.821989 -0.134040
v -6.537500 -0.821989 -0.134040
v -6.537500 3.000000 0.134040
v -6.537500 3.000000 0.134040
v -6.537500 3.000000 -0.134040
v -6.537500 3.000000 -0.134040
vn -1.0000 -0.0000 -0.0000
vn 0.0133 -0.9004 -0.4349
vn 0.0112 -0.9001 -0.4356
vn 0.0084 -0.8991 -0.4376
vn -0.0000 -0.0000 1.0000
vn -0.0000 1.0000 -0.0000
vn -0.0000 -0.0000 -1.0000
vn 0.6712 -0.2562 -0.6956
vt 0.000000 0.363002
vt 0.789292 0.345838
vt 1.000000 0.341282
vt 1.000000 1.000000
vt 0.000000 1.000000
vt 0.863362 0.000000
vt 1.000000 0.136604
vt 1.000000 0.864877
vt 0.134910 0.000000
vt 1.000000 0.842277
vt 0.863362 0.863362
vt 0.134910 0.134910
vt 0.692547 0.048860
vt 1.000000 0.178593
vt 0.843315 0.177984
vt 0.842277 0.842277
vt 0.178593 0.178593
vt 0.038384 0.038384
vt 0.153570 0.153570
vt 0.006851 0.006851
vt 0.000000 0.000000
vt 0.153570 0.153570
vt 0.132328 0.132328
vt 0.132328 0.132328
vt 0.020809 0.020809
vt 0.015829 0.015829
vt 0.014150 0.014150
vt 0.863395 0.000000
vt 0.987594 0.123108
vt 0.987486 0.851160
vt 0.135122 0.000000
s 1
usemtl Brown.001
f 64/44/11 48/45/11 61/46/11 66/47/11 68/48/11
s 0
f 57/49/12 44/50/12 43/51/12 58/52/12
f 59/53/13 57/54/13 58/55/13 60/56/13 62/57/13
f 63/58/14 59/59/14 62/60/14
s 1
f 56/61/15 52/62/15 65/48/15 47/48/15 45/63/15
f 39/64/16 51/65/16 53/66/16 67/48/16
f 40/64/17 54/67/17 55/68/17 46/69/17 49/70/17 50/48/17
s 0
f 44/71/18 42/72/18 41/73/18 43/74/18
g Wall_cell.002_Wall_cell.001
v 6.537500 3.000000 0.134040
v 6.537500 3.000000 -0.134040
v 6.537500 -2.150190 -0.134040
v 6.537500 -2.041675 0.134040
v 6.528449 -2.044168 0.134040
v 6.213453 -2.239439 -0.134040
v 5.977646 -2.194672 0.134040
v 6.127593 -2.262899 -0.134040
v 1.874785 1.298247 0.134040
v 1.900401 1.335668 -0.134040
v 1.924951 1.557743 -0.134040
v 2.031732 2.717935 0.134040
v 2.056586 2.941647 0.134040
v 2.081765 2.969245 -0.134040
v 2.737917 3.000000 0.134040
v 2.441628 3.000000 -0.134040
v 6.537500 -2.150190 -0.134040
v 6.537500 -2.150190 -0.134040
v 6.537500 -2.041675 0.134040
v 6.537500 -2.041675 0.134040
v 6.528449 -2.044168 0.134040
v 6.213453 -2.239439 -0.134040
v 5.977646 -2.194672 0.134040
v 1.874785 1.298247 0.134040
v 6.127593 -2.262899 -0.134040
v 1.900401 1.335668 -0.134040
v 1.924951 1.557743 -0.134040
v 2.031732 2.717935 0.134040
v 2.056586 2.941647 0.134040
v 2.081765 2.969245 -0.134040
v 2.737917 3.000000 0.134040
v 2.737917 3.000000 0.134040
v 2.441628 3.000000 -0.134040
v 2.441628 3.000000 -0.134040
v 6.537500 3.000000 0.134040
v 6.537500 3.000000 0.134040
v 6.537500 3.000000 -0.134040
v 6.537500 3.000000 -0.134040
vn 0.2474 -0.8981 0.3636
vn -0.0849 0.9919 0.0940
vn 0.2453 -0.8978 0.3657
vn -0.9908 0.1095 -0.0794
vn -0.9906 0.1100 -0.0817
vn -0.6392 -0.7509 -0.1662
vn -0.0000 -0.0000 1.0000
vn -0.0000 -0.0000 -1.0000
vn -0.0000 1.0000 -0.0000
vn 1.0000 -0.0000 -0.0000
vt 0.863399 0.748049
vt 0.136030 0.020895
vt 0.136084 0.000000
vt 0.865331 0.000000
vt 0.561199 0.136627
vt 0.545247 0.409547
vt 0.135310 0.000000
vt 0.862953 0.000000
vt 1.000000 0.865263
vt 0.865331 0.865331
vt 0.136084 0.136084
vt 1.000000 0.135650
vt 0.864943 0.864943
vt 0.136604 0.136604
vt 1.000000 0.137100
vt 1.000000 0.865021
vt 0.137099 0.137099
vt 0.137047 0.000000
vt 0.864690 0.000000
vt 0.865021 0.865021
vt 0.135650 0.135650
vt 0.136604 0.000000
vt 0.864943 0.000000
vt 0.865263 0.865263
vt 1.000000 1.000000
vt 0.709401 0.709401
vt 0.657291 0.657291
vt 0.655391 0.655391
vt 0.643387 0.643387
vt 0.957181 0.957181
vt 0.999308 0.999308
vt 0.686740 0.686740
vt 0.975216 0.975216
vt 0.968650 0.968650
vt 0.645346 0.645346
vt 0.647224 0.647224
vt 0.659217 0.659217
vt 1.000000 0.141635
vt 0.000000 1.000000
vt 0.000000 0.159721
s 0
usemtl Brown.001
f 85/75/19 87/76/19 89/77/19 90/78/19
f 99/79/20 101/80/20 98/81/20 97/82/20
f 93/83/21 90/84/21 89/85/21 91/86/21
f 94/87/22 92/88/22 96/89/22 95/90/22
f 96/91/23 97/92/23 98/93/23 95/94/23
f 91/95/24 92/96/24 94/97/24 93/98/24
s 1
f 88/99/25 103/99/25 100/100/25 81/101/25 80/102/25 77/103/25 75/104/25 73/105/25
f 102/106/26 105/99/26 86/99/26 74/107/26 76/108/26 78/109/26 79/110/26 82/111/26
f 83/100/27 104/99/27 106/99/27 84/106/27
f 71/112/28 70/99/28 69/113/28 72/114/28
g Wall_cell.003_Wall_cell.002
v 6.537500 -3.000000 0.134040
v 6.537500 -3.000000 -0.134040
v 5.647393 -3.000000 0.134040
v 5.935110 -2.301366 0.134040
v 5.825036 -3.000000 -0.134040
v 5.853200 -2.931611 -0.134040
v 5.978106 -2.197129 0.134040
v 6.128440 -2.264330 -0.134040
v 6.528941 -2.046528 0.134040
v 6.215298 -2.240583 -0.134040
v 6.537500 -2.152833 -0.134040
v 6.537500 -2.044197 0.134040
v 5.647393 -3.000000 0.134040
v 5.647393 -3.000000 0.134040
v 5.825036 -3.000000 -0.134040
v 5.825036 -3.000000 -0.134040
v 5.935110 -2.301366 0.134040
v 5.853200 -2.931611 -0.134040
v 5.978106 -2.197129 0.134040
v 6.128440 -2.264330 -0.134040
v 6.215298 -2.240583 -0.134040
v 6.528941 -2.046528 0.134040
v 6.537500 -2.044197 0.134040
v 6.537500 -2.044197 0.134040
v 6.537500 -2.152833 -0.134040
v 6.537500 -2.152833 -0.134040
v 6.537500 -3.000000 0.134040
v 6.537500 -3.000000 0.134040
v 6.537500 -3.000000 -0.134040
v 6.537500 -3.000000 -0.134040
vn -0.7884 0.3247 -0.5224
vn -0.7878 0.3250 -0.5232
vn -0.2457 0.8988 -0.3631
vn -0.2447 0.8986 -0.3642
vn -0.0000 -0.0000 1.0000
vn -0.0000 -0.0000 -1.0000
vn -0.0000 -1.0000 -0.0000
vn 1.0000 -0.0000 -0.0000
vt 0.921016 0.863099
vt 0.193132 0.135457
vt 1.000000 0.134815
vt 1.000000 0.863036
vt 0.134816 0.134816
vt 0.134901 0.000000
vt 0.863588 0.000000
vt 0.863036 0.863036
vt 0.863588 0.863588
vt 0.134901 0.134901
vt 1.000000 0.135202
vt 1.000000 0.863635
vt 0.135222 0.115324
vt 0.864365 0.115326
vt 0.863635 0.863635
vt 0.135202 0.135202
vt 0.957217 0.957217
vt 0.953928 0.953928
vt 0.931923 0.931923
vt 1.000000 1.000000
vt 0.999345 0.999345
vt 0.975357 0.975357
vt 0.945509 0.945509
vt 0.947663 0.947663
vt 0.968714 0.968714
vt 0.945509 0.945509
vt 0.931923 0.931923
vt 0.000000 0.000000
vt 1.000000 0.000000
vt 1.000000 0.141195
vt 0.000000 0.159301
s 0
usemtl Brown.001
f 121/115/29 119/116/29 123/117/29 124/118/29
f 123/119/30 125/120/30 126/121/30 124/122/30
f 126/123/31 125/124/31 128/125/31 127/126/31
f 129/127/32 131/128/32 127/129/32 128/130/32
s 1
f 113/131/33 110/132/33 120/133/33 133/134/33 130/134/33 115/135/33
f 116/136/34 132/134/34 135/134/34 122/137/34 112/138/34 114/139/34
f 111/140/35 136/134/35 134/134/35 109/141/35
f 107/142/36 108/143/36 117/144/36 118/145/36
g Wall_cell.005_Wall_cell.004
v 2.546277 3.000000 -0.020606
v 2.420751 3.000000 -0.134040
v 2.056346 2.942832 0.134040
v 2.081594 2.970670 -0.134040
v 2.070826 3.000000 -0.019556
v 2.056349 2.952935 0.134040
v 2.081604 3.000000 -0.134040
v 2.715555 3.000000 0.134040
v 2.056756 3.000000 0.134040
v 2.420751 3.000000 -0.134040
v 2.420751 3.000000 -0.134040
v 2.081594 2.970670 -0.134040
v 2.546277 3.000000 -0.020606
v 2.081604 3.000000 -0.134040
v 2.081604 3.000000 -0.134040
v 2.070826 3.000000 -0.019556
v 2.056346 2.942832 0.134040
v 2.056349 2.952935 0.134040
v 2.715555 3.000000 0.134040
v 2.715555 3.000000 0.134040
v 2.056756 3.000000 0.134040
v 2.056756 3.000000 0.134040
vn -0.9956 0.0003 -0.0937
vn -0.9958 0.0086 -0.0912
vn -0.0000 -0.0000 1.0000
vn 0.0859 -0.9918 -0.0946
vn -0.0000 -0.0000 -1.0000
vn -0.0000 1.0000 -0.0000
vt 0.552666 0.000000
vt 0.863520 0.470255
vt 0.863434 0.863434
vt 0.135446 0.135446
vt 0.135476 0.000000
vt 1.000000 0.447334
vt 1.000000 0.864524
vt 0.582467 0.446916
vt 0.657273 0.657273
vt 0.657273 0.657273
vt 0.707691 0.707691
vt 0.657304 0.657304
vt 1.000000 0.555671
vt 0.581634 0.135472
vt 1.000000 0.135446
vt 1.000000 0.863434
vt 0.603548 0.467178
vt 0.659205 0.659205
vt 0.685143 0.685143
vt 0.659204 0.659204
vt 0.707691 0.707691
vt 0.694744 0.694744
vt 0.658381 0.658381
vt 0.657304 0.657304
s 0
usemtl Brown.001
f 152/146/37 150/147/37 148/148/37 153/149/37 154/150/37
f 152/151/38 154/152/38 157/153/38
s 1
f 142/154/39 139/155/39 156/156/39 158/157/39
s 0
f 149/158/40 155/159/40 153/160/40 148/161/40 146/162/40
s 1
f 151/163/41 147/164/41 140/165/41
f 144/166/42 137/167/42 138/164/42 143/163/42 141/168/42 145/169/42
g Wall_cell.004_cell.002_Wall_cell.004_cell.001
v -0.352219 3.000000 0.134040
v 0.370634 3.000000 -0.134040
v -1.909438 2.010518 0.134040
v -1.826884 1.602755 -0.134040
v -2.045860 2.216072 0.134040
v -2.700664 2.919320 -0.134040
v -2.565531 3.000000 0.134040
v -2.754147 3.000000 -0.134040
v -0.352219 3.000000 0.134040
v -0.352219 3.000000 0.134040
v 0.370634 3.000000 -0.134040
v 0.370634 3.000000 -0.134040
v -1.909438 2.010518 0.134040
v -1.826884 1.602755 -0.134040
v -2.700664 2.919320 -0.134040
v -2.045860 2.216072 0.134040
v -2.754147 3.000000 -0.134040
v -2.754147 3.000000 -0.134040
v -2.565531 3.000000 0.134040
v -2.565531 3.000000 0.134040
vn -0.7193 -0.4774 0.5046
vn -0.7190 -0.4766 0.5059
vn -0.0000 -0.0000 1.0000
vn -0.0000 1.0000 -0.0000
vn -0.0000 -0.0000 -1.0000
vn 0.3049 -0.4796 0.8228
vt 0.862968 0.862968
vt 0.134734 0.134734
vt 0.135023 0.000000
vt 0.864816 0.000000
vt 1.000000 0.135184
vt 1.000000 0.864977
vt 0.188059 0.051706
vt 0.916437 0.051484
vt 0.353963 0.353963
vt 0.473062 0.473062
vt 0.303783 0.303783
vt 0.343529 0.343529
vt 0.473062 0.473062
vt 0.528347 0.528347
vt 0.289358 0.289358
vt 0.360277 0.360277
vt 0.293448 0.293448
vt 1.000000 0.134734
vt 1.000000 0.862968
vt 0.168807 0.033023
vt 0.896309 0.032790
s 0
usemtl Brown.001
f 172/170/43 161/171/43 174/172/43 173/173/43
f 173/174/44 174/175/44 177/176/44 175/177/44
s 1
f 171/178/45 168/179/45 178/180/45 163/181/45
f 165/180/46 167/182/46 169/183/46 176/184/46
f 170/183/47 162/185/47 164/186/47 166/184/47
s 0
f 161/187/48 172/188/48 160/189/48 159/190/48
g Wall_cell.004_cell.003_Wall_cell.004_cell.002
v 1.872990 1.297749 0.134040
v 1.898615 1.335569 -0.134040
v 1.897445 1.518900 0.134040
v 1.635348 1.181181 0.134040
v 1.707449 1.234644 -0.058089
v 1.983703 2.276293 0.100198
v 1.984840 2.311633 0.134040
v 1.980036 2.163922 -0.006778
v 1.736087 1.255846 -0.134040
v 1.975300 2.029037 -0.134040
v 1.635348 1.181181 0.134040
v 1.984840 2.311633 0.134040
v 1.736087 1.255846 -0.134040
v 1.975300 2.029037 -0.134040
v 1.898615 1.335569 -0.134040
v 1.872990 1.297749 0.134040
v 1.897445 1.518900 0.134040
vn -0.9209 0.2847 -0.2664
vn -0.9205 0.2848 -0.2676
vn 0.4388 -0.8946 -0.0843
vn 0.9908 -0.1096 0.0793
vn 0.9907 -0.1092 0.0808
vn -0.0000 -0.0000 1.0000
vn -0.0000 -0.0000 -1.0000
vt 0.925708 0.134981
vt 1.000000 0.226760
vt 1.000000 0.656855
vt 0.477485 0.136048
vt 0.863403 0.612432
vt 0.656855 0.656855
vt 0.226760 0.226760
vt 0.517635 0.232656
vt 0.863667 0.240249
vt 0.136389 0.000000
vt 0.864670 0.000000
vt 0.904123 0.039451
vt 0.373252 0.030530
vt 0.163371 0.026981
vt 1.000000 0.864536
vt 0.864670 0.864670
vt 0.136388 0.136388
vt 0.560746 0.135970
vt 1.000000 0.481605
vt 0.863837 0.383154
vt 0.864536 0.864536
vt 0.481605 0.481605
vt 0.771976 0.406718
vt 0.643250 0.643250
vt 0.645120 0.645120
vt 0.651804 0.651804
vt 0.625074 0.625074
vt 0.645210 0.645210
vt 0.632779 0.632779
vt 0.651075 0.651075
s 0
usemtl Brown.001
f 190/191/49 184/192/49 183/193/49 189/194/49
f 191/195/50 183/196/50 184/197/50 186/198/50 192/199/50
f 193/200/51 194/201/51 189/202/51 183/203/51 191/204/51
f 195/205/52 194/206/52 193/207/52 192/208/52 186/209/52
f 190/210/53 195/211/53 186/212/53 184/213/53
s 1
f 179/214/54 181/215/54 185/216/54 182/217/54
f 180/218/55 187/219/55 188/220/55
g Wall_cell.004_cell.004_Wall_cell.004_cell.003
v -4.526581 3.000000 0.134040
v -4.707527 2.526200 0.134040
v -4.804439 3.000000 -0.134040
v -2.910827 -1.025820 -0.109917
v -2.801436 -0.994817 0.134040
v -2.921615 -1.028839 -0.134040
v -1.678510 0.986398 -0.134040
v -1.638148 0.891303 0.134040
v -5.467716 0.650412 0.091412
v -5.438649 0.610509 0.134040
v -3.411360 -0.737865 -0.134040
v -2.973855 -1.054464 -0.134040
v -3.051075 -1.117248 0.134040
v -2.979566 -1.059139 -0.114142
v -5.620944 0.862007 -0.134040
v -5.553129 0.768277 -0.034075
v -1.892943 1.936123 0.134040
v -1.910300 2.007057 0.134040
v -1.718376 1.149874 -0.134040
v -1.828254 1.598916 -0.134040
v -2.567906 3.000000 0.134040
v -2.756366 3.000000 -0.134040
v -2.921615 -1.028839 -0.134040
v -1.678510 0.986398 -0.134040
v -2.801436 -0.994817 0.134040
v -1.638148 0.891303 0.134040
v -3.411360 -0.737865 -0.134040
v -2.973855 -1.054464 -0.134040
v -5.438649 0.610509 0.134040
v -3.051075 -1.117248 0.134040
v -5.620944 0.862007 -0.134040
v -1.892943 1.936123 0.134040
v -1.910300 2.007057 0.134040
v -1.718376 1.149874 -0.134040
v -1.828254 1.598916 -0.134040
v -2.567906 3.000000 0.134040
v -2.567906 3.000000 0.134040
v -2.756366 3.000000 -0.134040
v -2.756366 3.000000 -0.134040
v -4.526581 3.000000 0.134040
v -4.526581 3.000000 0.134040
v -4.707527 2.526200 0.134040
v -4.804439 3.000000 -0.134040
v -4.804439 3.000000 -0.134040
vn -0.5518 -0.7626 -0.3376
vn -0.5515 -0.7617 -0.3400
vn 0.9693 0.2372 -0.0644
vn 0.9697 0.2365 -0.0621
vn 0.8119 -0.5008 -0.3001
vn 0.4388 -0.8947 -0.0831
vn 0.4388 -0.8946 -0.0843
vn -0.6711 0.2563 0.6956
vn -0.6703 0.2558 0.6966
vn -0.0000 -0.0000 1.0000
vn -0.0000 1.0000 -0.0000
vn -0.0000 -0.0000 -1.0000
vn 0.7194 0.4765 -0.5055
vt 0.251501 0.000000
vt 0.863337 0.000000
vt 0.992560 0.129212
vt 0.990480 0.181127
vt 0.964445 0.828559
vt 0.259242 0.123417
vt 0.863337 0.863337
vt 0.251501 0.251501
vt 0.592692 0.226021
vt 0.864492 0.205791
vt 0.863409 0.000000
vt 1.000000 0.136630
vt 1.000000 0.864914
vt 0.135328 0.000000
vt 1.000000 0.135542
vt 1.000000 0.864745
vt 0.864915 0.864915
vt 0.136630 0.136630
vt 0.157982 0.136614
vt 0.135255 0.000000
vt 0.864457 0.000000
vt 0.966037 0.863936
vt 0.230675 0.202063
vt 0.201974 0.000000
vt 0.863604 0.640721
vt 0.863535 0.682166
vt 0.190496 0.000000
vt 0.945312 0.808872
vt 0.936639 0.800200
vt 1.000000 0.798026
vt 1.000000 0.809504
vt 1.000000 0.406555
vt 1.000000 0.863667
vt 0.876771 0.863652
vt 0.147688 0.134637
vt 0.703752 0.134707
vt 0.748332 0.392058
vt 0.864435 0.387168
vt 0.863667 0.863667
vt 0.406555 0.406555
vt 0.285741 0.285741
vt 0.374711 0.374711
vt 0.355224 0.355224
vt 0.353897 0.353897
vt 0.303602 0.303602
vt 0.153799 0.153799
vt 0.139960 0.139960
vt 0.084042 0.084042
vt 0.266648 0.266648
vt 0.289188 0.289188
vt 0.132548 0.132548
vt 0.153799 0.153799
vt 0.371625 0.371625
vt 0.276549 0.276549
vt 0.272554 0.272554
vt 0.239093 0.239093
vt 0.070100 0.070100
vt 0.132548 0.132548
vt 0.289188 0.289188
vt 0.360172 0.360172
vt 0.368575 0.368575
vt 0.135461 0.102470
vt 0.863409 0.863409
vt 0.135328 0.135328
vt 0.864251 0.831437
s 0
usemtl Brown.001
f 204/221/56 222/222/56 223/223/56 209/224/56 225/225/56 224/226/56
f 222/227/57 204/228/57 211/229/57 226/230/57
f 228/231/58 227/232/58 229/233/58 230/234/58
f 221/235/59 219/236/59 229/237/59 227/238/59
f 218/239/60 219/240/60 221/241/60 220/242/60 199/243/60
f 199/244/61 220/245/61 225/246/61 209/247/61
f 223/248/62 218/249/62 199/250/62 209/251/62
f 211/252/63 237/253/63 235/254/63 238/255/63 226/256/63
f 204/257/64 224/258/64 237/259/64 211/260/64
s 1
f 200/261/65 203/262/65 212/263/65 213/264/65 232/265/65 236/266/65 197/267/65 205/268/65 208/269/65
f 233/270/66 239/271/66 196/272/66 231/265/66
f 202/273/67 201/274/67 207/275/67 206/276/67 210/277/67 198/278/67 234/279/67 215/280/67 214/281/67
s 0
f 216/282/68 228/283/68 230/284/68 217/285/68
g Wall_cell.004_cell.005_Wall_cell.004_cell.004
v -3.303264 -1.216045 -0.134040
v -4.141689 -1.652122 0.134040
v -4.123733 -1.618431 -0.134040
v -5.738341 -1.056112 0.134040
v -4.375679 -1.524382 -0.134040
v -6.032704 -0.946037 0.134040
v -6.262691 -0.818746 -0.134040
v -6.055945 -0.277028 -0.134040
v -5.621782 0.859812 -0.134040
v -2.981581 -1.060116 -0.114266
v -2.975860 -1.055448 -0.134040
v -3.053697 -1.118534 0.134040
v -5.554063 0.766335 -0.034261
v -5.439460 0.608385 0.134040
v -5.621782 0.859812 -0.134040
v -2.975860 -1.055448 -0.134040
v -3.053697 -1.118534 0.134040
v -5.439460 0.608385 0.134040
v -3.303264 -1.216045 -0.134040
v -4.123733 -1.618431 -0.134040
v -4.141689 -1.652122 0.134040
v -5.738341 -1.056112 0.134040
v -4.375679 -1.524382 -0.134040
v -6.032704 -0.946037 0.134040
v -6.262691 -0.818746 -0.134040
v -6.055945 -0.277028 -0.134040
vn 0.4388 -0.8947 -0.0831
vn -0.3463 -0.9277 -0.1398
vn -0.3467 -0.9271 -0.1428
vn 0.4388 -0.8946 -0.0843
vn -0.6711 0.2563 0.6956
vn -0.6703 0.2558 0.6966
vn -0.0000 -0.0000 1.0000
vn -0.0000 -0.0000 -1.0000
vn 0.5515 0.7619 0.3395
vt 0.136216 0.136216
vt 0.136443 0.000000
vt 0.190159 0.000000
vt 0.863534 0.682602
vt 0.863232 0.863232
vt 1.000000 0.863231
vt 0.134694 0.000000
vt 0.863458 0.000000
vt 1.000000 0.136215
vt 0.134694 0.134694
vt 0.134941 0.000000
vt 0.865039 0.000000
vt 0.863458 0.863458
vt 1.000000 0.863557
vt 0.945645 0.809205
vt 1.000000 0.809841
vt 0.704323 0.134707
vt 1.000000 0.134744
vt 1.000000 0.406050
vt 0.134744 0.134744
vt 0.134961 0.000000
vt 0.865059 0.000000
vt 0.864436 0.386639
vt 0.406050 0.406050
vt 0.083980 0.083980
vt 0.038608 0.038608
vt 0.061121 0.061121
vt 0.183236 0.183236
vt 0.266448 0.266448
vt 0.247360 0.247360
vt 0.184609 0.184609
vt 0.165340 0.165340
vt 0.021018 0.021018
vt 0.036830 0.036830
vt 0.070036 0.070036
vt 0.272401 0.272401
vt 0.204550 0.069560
vt 0.817875 0.593753
vt 0.394181 0.136069
vt 0.963768 0.100781
vt 0.990053 0.801544
vt 0.992139 0.857343
s 0
usemtl Brown.001
f 259/286/69 258/287/69 249/288/69 256/289/69 260/290/69
f 260/291/70 261/292/70 262/293/70 259/294/70
f 261/295/71 263/296/71 264/297/71 262/298/71
f 258/299/72 250/300/72 249/301/72
f 248/302/73 265/303/73 252/304/73
f 265/305/74 264/306/74 263/307/74 253/308/74 252/309/74
s 1
f 257/310/75 245/311/75 243/312/75 241/313/75 251/314/75
f 240/315/76 242/316/76 244/317/76 246/318/76 247/319/76 254/320/76 255/321/76
s 0
f 248/322/77 252/323/77 253/324/77 256/325/77 249/326/77 250/327/77
g Wall_cell.004_cell.001_cell.002_Wall_cell.004_cell.001_cell.001
v -2.906362 -1.023655 -0.109642
v -2.797718 -0.992993 0.134040
v -2.917211 -1.026679 -0.134040
v -2.362839 -0.287873 0.134040
v -2.369647 -0.256531 0.063058
v -1.558177 -0.363147 -0.101144
v -1.591583 -0.386345 -0.028822
v -1.667132 -0.438515 0.134040
v -2.388731 -0.169801 -0.134040
v -1.543053 -0.352630 -0.134040
v -2.362839 -0.287873 0.134040
v -1.667132 -0.438515 0.134040
v -2.388731 -0.169801 -0.134040
v -1.543053 -0.352630 -0.134040
v -2.797718 -0.992993 0.134040
v -2.917211 -1.026679 -0.134040
vn 0.1957 0.9039 0.3803
vn 0.1955 0.9045 0.3791
vn 0.4388 -0.8947 -0.0831
vn 0.4388 -0.8946 -0.0843
vn -0.0000 -0.0000 1.0000
vn -0.0000 -0.0000 -1.0000
vn -0.8122 0.5009 0.2991
vt 0.804825 0.668809
vt 0.425112 0.289165
vt 0.823161 0.244283
vt 1.000000 0.224430
vt 1.000000 0.670931
vt 0.670931 0.670931
vt 0.224430 0.224430
vt 0.216138 0.134972
vt 0.681636 0.134944
vt 0.863605 0.640104
vt 0.202720 0.000000
vt 0.422267 0.000000
vt 0.863920 0.452403
vt 1.000000 0.797280
vt 0.935908 0.799468
vt 0.707771 0.571346
vt 0.799129 0.573335
vt 1.000000 0.577733
vt 0.319286 0.319286
vt 0.286025 0.286025
vt 0.372495 0.372495
vt 0.317305 0.317305
vt 0.381984 0.381984
vt 0.276886 0.276886
vt 0.976484 0.136710
vt 0.969183 0.202909
vt 0.896037 0.864091
vt 0.611542 0.540419
vt 0.690554 0.412619
vt 0.928323 0.078451
s 0
usemtl Brown.001
f 276/328/78 277/329/78 272/330/78 271/331/78 270/332/78
f 270/333/79 271/334/79 279/335/79 278/336/79
f 280/337/80 266/338/80 272/339/80 277/340/80
f 266/341/81 281/342/81 279/343/81 271/344/81 272/345/81
s 1
f 269/346/82 267/347/82 273/348/82
f 274/349/83 275/350/83 268/351/83
s 0
f 281/352/84 266/353/84 280/354/84 276/355/84 270/356/84 278/357/84
g Wall_cell.004_cell.001_cell.004_Wall_cell.004_cell.001_cell.003
v -1.677096 0.984045 -0.134040
v -1.636743 0.889428 0.134040
v -1.663986 -0.436973 0.134040
v -2.385715 -0.176518 -0.114598
v -1.592954 -0.387808 -0.020316
v -2.361580 -0.285833 0.134040
v -2.387579 -0.167934 -0.134040
v -1.589080 -0.385132 -0.028668
v -1.540412 -0.351335 -0.134040
v -1.090662 -0.155795 0.134040
v -1.069646 0.782148 0.134040
v -1.113468 -0.154590 0.000568
v -1.136464 -0.153191 -0.134040
v -1.113349 0.877415 -0.134040
v -1.663986 -0.436973 0.134040
v -2.361580 -0.285833 0.134040
v -2.387579 -0.167934 -0.134040
v -1.540412 -0.351335 -0.134040
v -1.090662 -0.155795 0.134040
v -1.069646 0.782148 0.134040
v -1.136464 -0.153191 -0.134040
v -1.113349 0.877415 -0.134040
v -1.677096 0.984045 -0.134040
v -1.636743 0.889428 0.134040
vn 0.1771 0.9361 0.3038
vn -0.1957 -0.9039 -0.3803
vn -0.1960 -0.9046 -0.3785
vn 0.4388 -0.8947 -0.0831
vn 0.4388 -0.8946 -0.0843
vn -0.0000 -0.0000 1.0000
vn -0.0000 -0.0000 -1.0000
vn -0.8122 0.5009 0.2991
vn 0.9854 -0.0221 -0.1685
vt 0.822162 0.136495
vt 1.000000 0.136528
vt 1.000000 0.863465
vt 0.954868 0.818380
vt 0.742206 0.742206
vt 0.313990 0.313990
vt 0.314672 0.225952
vt 0.781127 0.227337
vt 0.745073 0.704396
vt 0.707629 0.368762
vt 0.331942 0.326957
vt 1.000000 0.313990
vt 1.000000 0.742206
vt 0.863921 0.451881
vt 0.445332 0.023199
vt 0.422685 0.000000
vt 0.502104 0.000000
vt 0.864080 0.356697
vt 0.707333 0.570908
vt 0.640270 0.503849
vt 1.000000 0.497896
vt 1.000000 0.577315
vt 0.418192 0.418192
vt 0.374819 0.374819
vt 0.319382 0.319382
vt 0.372735 0.372735
vt 0.416584 0.416584
vt 0.371733 0.371733
vt 0.414849 0.414849
vt 0.413081 0.413081
vt 0.382186 0.382186
vt 0.317393 0.317393
vt 0.610718 0.539482
vt 0.136535 0.000000
vt 0.863472 0.000000
vt 0.928218 0.078324
vt 0.903365 0.109710
vt 0.245144 0.108150
vt 0.864879 0.037754
vt 0.863598 0.664004
vt 0.501761 0.312480
vt 0.956421 0.819650
s 0
usemtl Brown.001
f 303/358/85 304/359/85 305/360/85 292/361/85
f 286/362/86 285/363/86 298/364/86 299/365/86 289/366/86
f 296/367/87 297/368/87 285/369/87 286/370/87
f 296/371/88 286/372/88 289/373/88 293/374/88 291/375/88
f 299/376/89 302/377/89 293/378/89 289/379/89
s 1
f 301/380/90 283/381/90 287/382/90 284/383/90 300/384/90
f 282/385/91 295/386/91 294/387/91 290/388/91 288/389/91
s 0
f 297/390/92 305/391/92 304/392/92 298/393/92 285/394/92
f 303/395/93 292/396/93 291/397/93 293/398/93 302/399/93
g Wall_cell.004_cell_cell_Wall_cell.004_cell_cell.008
v -1.676846 0.986324 -0.134040
v -1.410352 0.913914 -0.066552
v -1.243061 1.015095 -0.134040
v -1.334159 0.921518 -0.134040
v -1.697271 1.070317 -0.134040
v -1.668454 0.966580 -0.078374
v -1.243061 1.015095 -0.134040
v -1.334159 0.921518 -0.134040
v -1.697271 1.070317 -0.134040
v -1.676846 0.986324 -0.134040
vn 0.5786 -0.5633 0.5898
vn 0.0589 0.4847 0.8727
vn -0.9698 -0.2358 0.0626
vn -0.0000 -0.0000 -1.0000
vn -0.1770 -0.9357 -0.3052
vt 0.299472 0.152140
vt 0.147128 0.000000
vt 0.346741 0.000000
vt 0.657712 0.345280
vt 1.000000 0.653259
vt 1.000000 0.852872
vt 0.459055 0.310889
vt 1.000000 0.134819
vt 1.000000 0.286108
vt 0.981476 0.116316
vt 0.397961 0.397961
vt 0.371752 0.371752
vt 0.370189 0.370189
vt 0.404928 0.404928
vt 0.865181 0.000000
vt 0.831198 0.022456
vt 0.682651 0.033149
vt 0.713892 0.000000
s 0
usemtl Brown.001
f 313/400/94 312/401/94 307/402/94
f 311/403/95 307/404/95 312/405/95 314/406/95
f 315/407/96 311/408/96 314/409/96
s 1
f 309/410/97 306/411/97 310/412/97 308/413/97
s 0
f 315/414/98 313/415/98 307/416/98 311/417/98
g Wall_cell.004_cell_cell.001_Wall_cell.004_cell_cell.009
v 1.057840 0.897903 0.134040
v 1.976376 2.038774 -0.134040
v 1.671754 1.208640 0.032108
v 1.733660 1.254655 -0.134040
v 1.977142 2.061521 -0.112164
v 1.633343 1.180198 0.134040
v 1.985948 2.321676 0.134040
v 1.981027 2.171663 -0.008468
v 2.002857 2.279521 -0.132278
v 1.345196 2.487859 0.134040
v 1.222477 2.518042 0.134040
v 1.222228 2.471214 -0.134040
v 1.997134 2.297454 -0.035931
v 1.986772 2.329157 0.134040
v 1.151659 2.387393 0.134040
v 0.769233 1.635511 -0.134040
v 0.639335 1.440740 0.134040
v 0.688583 1.486490 -0.134040
v 0.969627 0.854641 0.134040
v 0.970593 0.855612 0.128677
v 0.929465 0.925752 0.134040
v 1.017741 0.903484 -0.134040
v 0.734255 1.405421 -0.134040
v 1.345196 2.487859 0.134040
v 1.222477 2.518042 0.134040
v 1.986772 2.329157 0.134040
v 1.151659 2.387393 0.134040
v 1.222228 2.471214 -0.134040
v 0.769233 1.635511 -0.134040
v 0.688583 1.486490 -0.134040
v 0.639335 1.440740 0.134040
v 0.969627 0.854641 0.134040
v 0.929465 0.925752 0.134040
v 1.017741 0.903484 -0.134040
v 0.734255 1.405421 -0.134040
v 1.976376 2.038774 -0.134040
v 1.733660 1.254655 -0.134040
v 1.633343 1.180198 0.134040
v 1.985948 2.321676 0.134040
v 1.057840 0.897903 0.134040
v 2.002857 2.279521 -0.132278
vn 0.2355 0.9573 -0.1674
vn 0.2369 0.9576 -0.1642
vn -0.8762 0.4749 -0.0821
vn -0.8766 0.4744 -0.0801
vn -0.8455 -0.4775 -0.2388
vn -0.8465 -0.4769 -0.2369
vn 0.9213 -0.2852 0.2643
vn 0.9206 -0.2844 0.2676
vn 0.4388 -0.8947 -0.0830
vn 0.4388 -0.8946 -0.0843
vn 0.9908 -0.1096 0.0793
vn 0.9907 -0.1092 0.0808
vn -0.0000 -0.0000 1.0000
vn 0.0003 0.0005 -1.0000
vt 0.135668 0.000000
vt 0.864876 0.000000
vt 1.000000 0.135188
vt 0.995322 0.860061
vt 0.853750 0.598037
vt 0.859944 0.859944
vt 0.135188 0.135188
vt 0.842532 0.135993
vt 1.000000 0.135124
vt 1.000000 0.864332
vt 0.136160 0.000000
vt 0.864953 0.000000
vt 0.136160 0.136160
vt 0.136095 0.000000
vt 0.864538 0.000000
vt 0.864953 0.864953
vt 1.000000 0.135426
vt 1.000000 0.863900
vt 0.450780 0.315455
vt 0.912753 0.062876
vt 0.922190 0.057726
vt 0.863900 0.863900
vt 0.135426 0.135426
vt 1.000000 0.135462
vt 1.000000 0.863905
vt 1.000000 0.587587
vt 0.550260 0.136218
vt 0.926947 0.136621
vt 1.000000 0.196065
vt 0.864180 0.636550
vt 0.587587 0.587587
vt 0.196065 0.196065
vt 0.477438 0.190729
vt 0.864128 0.183932
vt 0.850109 0.000000
vt 0.864678 0.000000
vt 0.864653 0.014645
vt 0.282631 0.146233
vt 0.163774 0.027384
vt 0.622783 0.035024
vt 0.904456 0.039783
vt 1.000000 0.135322
vt 1.000000 0.149891
vt 1.000000 0.402330
vt 1.000000 0.477009
vt 0.641942 0.195379
vt 0.566705 0.135965
vt 0.718966 0.140608
vt 0.863821 0.372513
vt 0.863828 0.377055
vt 0.477009 0.477009
vt 0.402331 0.402331
vt 0.574159 0.574159
vt 0.580905 0.580905
vt 0.624921 0.624921
vt 0.651889 0.651889
vt 0.651952 0.651952
vt 0.602883 0.602883
vt 0.593497 0.593497
vt 0.588081 0.588081
vt 0.548898 0.548898
vt 0.571087 0.571087
vt 0.552664 0.552664
vt 0.558832 0.558832
vt 0.593478 0.593478
vt 0.653190 0.653190
vt 0.651157 0.651157
vt 0.632593 0.632593
vt 0.577839 0.577839
vt 0.556157 0.556157
s 0
usemtl Brown.001
f 343/418/99 340/419/99 339/420/99 356/421/99
f 328/422/100 356/423/100 339/424/100 341/425/100
f 340/426/101 343/427/101 344/428/101 342/429/101
f 344/430/102 345/431/102 346/432/102 342/433/102
f 348/434/103 350/435/103 349/436/103 335/437/103 347/438/103
f 350/439/104 348/440/104 346/441/104 345/442/104
f 318/443/105 352/444/105 351/445/105 320/446/105
f 353/447/106 318/448/106 320/449/106 323/450/106 354/451/106
f 335/452/107 355/453/107 347/454/107
f 349/455/108 352/456/108 318/457/108 353/458/108 355/459/108 335/460/108
f 328/461/109 323/462/109 320/463/109 351/464/109 356/465/109
f 341/466/110 354/467/110 323/468/110 328/469/110
s 1
f 334/470/111 316/471/111 321/472/111 322/473/111 329/474/111 325/475/111 326/476/111 330/477/111 332/478/111 336/479/111
f 333/480/112 331/481/112 327/482/112 324/483/112 317/484/112 319/485/112 337/486/112 338/487/112
g Wall_cell.004_cell_cell.002_Wall_cell.004_cell_cell.001
v -0.346433 3.000000 0.134040
v 0.376158 3.000000 -0.134040
v -0.725222 1.246853 0.134040
v -0.748763 2.744031 0.134040
v -0.854933 1.267213 -0.134040
v 0.637361 1.441414 0.134040
v 0.687142 1.487589 -0.134040
v 0.767946 1.636753 -0.134040
v 1.150175 2.388069 0.134040
v -0.869629 2.206943 -0.134040
v 1.220885 2.518693 0.134040
v 1.220566 2.472884 -0.134040
v 1.187823 2.544247 -0.134040
v 1.013232 2.971283 0.134040
v 1.000026 3.000000 0.134040
v 0.978245 3.000000 -0.134040
v -0.725222 1.246853 0.134040
v -0.748763 2.744031 0.134040
v -0.854933 1.267213 -0.134040
v 0.687142 1.487589 -0.134040
v 0.637361 1.441414 0.134040
v 0.767946 1.636753 -0.134040
v 1.150175 2.388069 0.134040
v -0.869629 2.206943 -0.134040
v 1.220885 2.518693 0.134040
v 1.220566 2.472884 -0.134040
v 1.187823 2.544247 -0.134040
v 1.013232 2.971283 0.134040
v 1.000026 3.000000 0.134040
v 1.000026 3.000000 0.134040
v 0.978245 3.000000 -0.134040
v 0.978245 3.000000 -0.134040
v -0.346433 3.000000 0.134040
v -0.346433 3.000000 0.134040
v 0.376158 3.000000 -0.134040
v 0.376158 3.000000 -0.134040
vn 0.1400 -0.9799 -0.1425
vn 0.8764 -0.4747 0.0810
vn 0.8766 -0.4745 0.0800
vn 0.9065 0.4159 -0.0722
vn 0.9061 0.4167 -0.0736
vn -0.3052 0.4795 -0.8228
vn -0.0000 -0.0000 1.0000
vn -0.0000 1.0000 -0.0000
vn -0.0000 -0.0000 -1.0000
vn -0.9006 -0.0141 0.4345
vt 1.000000 0.136119
vt 1.000000 0.863864
vt 0.864977 0.864977
vt 0.135816 0.135816
vt 0.136309 0.000000
vt 0.865070 0.000000
vt 0.863864 0.863864
vt 0.136119 0.136119
vt 0.865085 0.000000
vt 1.000000 0.134930
vt 1.000000 0.863691
vt 0.136405 0.000000
vt 0.136377 0.000000
vt 0.864907 0.000000
vt 0.865085 0.865085
vt 0.136405 0.136405
vt 0.913951 0.864900
vt 0.864907 0.864907
vt 0.136377 0.136377
vt 0.914720 0.136264
vt 0.948465 0.135726
vt 0.947970 0.863285
vt 0.487979 0.374842
vt 0.926790 0.100745
vt 0.577494 0.577494
vt 0.576484 0.576484
vt 0.473504 0.473504
vt 0.442733 0.442733
vt 0.444534 0.444534
vt 0.548747 0.548747
vt 0.587967 0.587967
vt 0.593376 0.593376
vt 0.574818 0.574818
vt 0.528769 0.528769
vt 0.473504 0.473504
vt 0.576484 0.576484
vt 0.434613 0.434613
vt 0.433489 0.433489
vt 0.590847 0.590847
vt 0.593351 0.593351
vt 0.558734 0.558734
vt 0.552554 0.552554
vt 0.171486 0.035769
vt 0.610033 0.136141
vt 1.000000 0.135816
vt 1.000000 0.864977
s 0
usemtl Brown.001
f 376/488/113 377/489/113 359/490/113 375/491/113
f 378/492/114 379/493/114 377/494/114 376/495/114
f 381/496/115 379/497/115 378/498/115 382/499/115
f 383/500/116 384/501/116 381/502/116 382/503/116
f 385/504/117 384/505/117 383/506/117 387/507/117
f 389/508/118 391/509/118 366/510/118 360/511/118
s 1
f 370/512/119 386/513/119 390/514/119 374/515/119 373/516/119 362/517/119 365/518/119 367/519/119
f 388/520/120 392/521/120 357/522/120 371/523/120
f 361/524/121 380/525/121 358/521/121 372/520/121 369/526/121 368/527/121 364/528/121 363/529/121
s 0
f 360/530/122 366/531/122 375/532/122 359/533/122
g Wall_cell.004_cell_cell.003_Wall_cell.004_cell_cell.002
v -1.636431 0.891239 0.134040
v -1.825674 1.598333 -0.134040
v -1.907490 2.006832 0.134040
v -0.728157 1.245706 0.134040
v -0.871739 2.205600 -0.134040
v -0.857376 1.266341 -0.134040
v -0.751095 2.742548 0.134040
v -0.933261 1.174380 -0.134040
v -0.944794 1.160568 -0.134040
v -0.813715 1.143069 0.134040
v -0.740148 1.231175 0.134040
v -1.413352 0.902954 -0.031210
v -1.419347 0.850194 0.134040
v -1.114170 1.078660 -0.134040
v -1.412616 0.913525 -0.064046
v -1.239126 1.018639 -0.134040
v -1.698283 1.074478 -0.134040
v -1.668054 0.965639 -0.075719
v -0.871739 2.205600 -0.134040
v -0.857376 1.266341 -0.134040
v -0.728157 1.245706 0.134040
v -0.751095 2.742548 0.134040
v -0.933261 1.174380 -0.134040
v -0.944794 1.160568 -0.134040
v -0.813715 1.143069 0.134040
v -0.740148 1.231175 0.134040
v -1.419347 0.850194 0.134040
v -1.114170 1.078660 -0.134040
v -1.239126 1.018639 -0.134040
v -1.698283 1.074478 -0.134040
v -1.636431 0.891239 0.134040
v -1.907490 2.006832 0.134040
v -1.825674 1.598333 -0.134040
vn 0.7084 -0.5915 -0.3850
vn 0.7109 -0.5867 -0.3878
vn 0.4201 -0.8688 -0.2621
vn 0.4169 -0.8679 -0.2701
vn -0.0589 -0.4841 -0.8730
vn -0.9698 -0.2357 0.0629
vn -0.3050 0.4792 -0.8230
vn -0.0000 -0.0000 1.0000
vn -0.0000 -0.0000 -1.0000
vn -0.1769 -0.9357 -0.3052
vn 0.9012 0.0138 -0.4333
vt 0.864610 0.000000
vt 1.000000 0.135348
vt 1.000000 0.863371
vt 0.136360 0.000000
vt 1.000000 0.134710
vt 1.000000 0.863270
vt 0.863371 0.863371
vt 0.135348 0.135348
vt 0.475625 0.379530
vt 0.550775 0.000000
vt 0.853349 0.000000
vt 1.000000 0.135390
vt 1.000000 0.863640
vt 0.853349 0.853349
vt 0.550775 0.550775
vt 0.647205 0.000000
vt 0.853103 0.000000
vt 0.647205 0.647205
vt 0.681211 0.343823
vt 0.852565 0.307807
vt 0.853103 0.853103
vt 1.000000 0.293323
vt 1.000000 0.863407
vt 0.135637 0.000000
vt 0.865029 0.000000
vt 0.980559 0.115400
vt 0.864363 0.000000
vt 0.926664 0.100542
vt 0.487199 0.374015
vt 0.134971 0.000000
vt 0.444309 0.444309
vt 0.442555 0.442555
vt 0.354112 0.354112
vt 0.374843 0.374843
vt 0.391446 0.391446
vt 0.437766 0.437766
vt 0.443392 0.443392
vt 0.360369 0.360369
vt 0.433328 0.433328
vt 0.434426 0.434426
vt 0.428622 0.428622
vt 0.427740 0.427740
vt 0.414786 0.414786
vt 0.405229 0.405229
vt 0.370112 0.370112
vt 0.136593 0.000000
vt 0.706677 0.000000
vt 0.676744 0.033376
vt 0.598901 0.039736
vt 0.209422 0.072872
vt 0.863357 0.170097
vt 0.863270 0.863270
vt 0.134710 0.134710
vt 0.663798 0.135916
s 0
usemtl Brown.001
f 416/534/123 415/535/123 418/536/123 417/537/123
f 398/538/124 413/539/124 418/540/124 415/541/124
f 419/542/125 404/543/125 420/544/125 416/545/125 417/546/125
f 420/547/126 404/548/126 407/549/126 421/550/126
f 407/551/127 410/552/127 422/553/127 421/554/127
f 410/555/128 423/556/128 424/557/128 425/558/128 422/559/128
f 424/560/129 414/561/129 397/562/129 425/563/129
s 1
f 396/564/130 399/565/130 395/566/130 393/567/130 405/568/130 402/569/130 403/570/130
f 394/571/131 411/572/131 412/573/131 400/574/131 401/575/131 406/576/131 408/577/131 409/578/131
s 0
f 423/579/132 410/580/132 407/581/132 404/582/132 419/583/132
f 414/584/133 413/585/133 398/586/133 397/587/133
g Wall_cell.004_cell_cell.004_Wall_cell.004_cell_cell.003
v 2.054676 2.746847 -0.134040
v 2.079283 2.970049 -0.134040
v 2.054402 2.942604 0.134040
v 2.055099 3.000000 0.134040
v 2.079467 2.985268 -0.134040
v 2.072999 3.000000 -0.061453
v 2.079577 3.000000 -0.134040
v 1.997386 2.299428 -0.036361
v 2.003177 2.281141 -0.134040
v 1.222738 2.520060 0.134040
v 1.222218 2.473837 -0.134040
v 1.987019 2.331395 0.134040
v 1.001969 3.000000 0.134040
v 0.980204 3.000000 -0.134040
v 2.003177 2.281141 -0.134040
v 1.222218 2.473837 -0.134040
v 1.222738 2.520060 0.134040
v 1.987019 2.331395 0.134040
v 1.001969 3.000000 0.134040
v 1.001969 3.000000 0.134040
v 0.980204 3.000000 -0.134040
v 0.980204 3.000000 -0.134040
v 2.054676 2.746847 -0.134040
v 2.079283 2.970049 -0.134040
v 2.054402 2.942604 0.134040
v 2.079467 2.985268 -0.134040
v 2.055099 3.000000 0.134040
v 2.055099 3.000000 0.134040
v 2.072999 3.000000 -0.061453
v 2.079577 3.000000 -0.134040
v 2.079577 3.000000 -0.134040
vn -0.2363 -0.9575 0.1654
vn 0.9908 -0.1096 0.0793
vn 0.9907 -0.1092 0.0808
vn 0.9958 -0.0121 0.0912
vn 0.9959 -0.0074 0.0902
vn -0.0000 -0.0000 1.0000
vn -0.0000 1.0000 -0.0000
vn -0.0000 -0.0000 -1.0000
vn -0.9060 -0.4168 0.0736
vt 0.598307 0.452781
vt 0.978778 0.843090
vt 0.136367 0.000000
vt 0.863335 0.000000
vt 0.863508 0.724328
vt 0.715018 0.135819
vt 1.000000 0.135538
vt 1.000000 0.401159
vt 0.401159 0.401159
vt 0.135538 0.135538
vt 0.135341 0.000000
vt 0.863280 0.000000
vt 0.863819 0.371153
vt 0.135548 0.000000
vt 0.332951 0.000000
vt 0.864060 0.352846
vt 0.863280 0.863280
vt 0.135342 0.135342
vt 0.667050 0.000000
vt 0.864451 0.000000
vt 0.864156 0.197093
vt 0.651971 0.651971
vt 0.657124 0.657124
vt 0.657178 0.657178
vt 0.576632 0.576632
vt 0.593517 0.593517
vt 0.657178 0.657178
vt 0.658547 0.658547
vt 0.659050 0.659050
vt 0.574968 0.574968
vt 0.659041 0.659041
vt 0.659027 0.659027
vt 0.657145 0.657145
vt 0.653207 0.653207
vt 0.593477 0.593477
vt 0.904853 0.863930
vt 0.863335 0.863335
vt 0.136366 0.136366
vt 0.904237 0.136778
s 0
usemtl Brown.001
f 433/588/134 443/589/134 442/590/134 441/591/134 440/592/134
f 440/593/135 448/594/135 433/595/135
f 433/596/136 448/597/136 449/598/136 450/599/136 443/600/136
f 451/601/137 454/602/137 452/603/137 450/604/137 449/605/137
f 454/606/138 451/607/138 455/608/138
s 1
f 437/609/139 428/610/139 453/611/139 445/612/139 435/613/139
f 444/612/140 429/614/140 431/615/140 456/616/140 446/617/140
f 447/617/141 432/616/141 430/618/141 427/619/141 426/620/141 434/621/141 436/622/141
s 0
f 439/623/142 441/624/142 442/625/142 438/626/142
g Wall_cell.007_cell_Wall_cell.007_cell.006
v -3.509017 -3.000000 0.134040
v -3.539209 -2.862438 -0.134040
v -3.474728 -3.000000 -0.134040
v -4.047756 -1.850664 0.134040
v -4.140222 -1.653650 0.134040
v -4.122565 -1.619500 -0.134040
v -3.312066 -1.221897 -0.134040
v -1.368835 -0.569924 -0.134040
v -1.488492 -0.442996 0.134040
v -1.583275 -3.000000 0.134040
v -1.459018 -3.000000 -0.134040
v -1.867093 -0.513288 -0.134040
v -1.787296 -0.482796 -0.040454
v -1.637759 -0.426029 0.134040
v -1.368835 -0.569924 -0.134040
v -1.459018 -3.000000 -0.134040
v -1.459018 -3.000000 -0.134040
v -1.488492 -0.442996 0.134040
v -1.583275 -3.000000 0.134040
v -1.583275 -3.000000 0.134040
v -1.867093 -0.513288 -0.134040
v -1.637759 -0.426029 0.134040
v -3.539209 -2.862438 -0.134040
v -3.474728 -3.000000 -0.134040
v -3.474728 -3.000000 -0.134040
v -3.509017 -3.000000 0.134040
v -3.509017 -3.000000 0.134040
v -4.047756 -1.850664 0.134040
v -4.140222 -1.653650 0.134040
v -4.122565 -1.619500 -0.134040
v -3.312066 -1.221897 -0.134040
vn 0.9067 -0.0336 0.4204
vn -0.8995 -0.4216 -0.1150
vn -0.8995 -0.4221 -0.1130
vn -0.4388 0.8948 0.0826
vn -0.4388 0.8945 0.0850
vn -0.0000 -0.0000 1.0000
vn -0.0000 -0.0000 -1.0000
vn -0.0000 -1.0000 -0.0000
vn 0.1041 0.9161 -0.3873
vt 0.135029 0.135029
vt 0.136582 0.020313
vt 0.863520 0.020252
vt 0.864612 0.864612
vt 0.964161 0.099106
vt 0.964284 0.828039
vt 0.137134 0.000000
vt 0.865161 0.000000
vt 0.137133 0.137133
vt 0.137173 0.000000
vt 0.865410 0.000000
vt 0.865161 0.865161
vt 0.374676 0.239546
vt 0.134799 0.000000
vt 0.389417 0.000000
vt 0.389417 0.389417
vt 0.134799 0.134799
vt 0.134590 0.000000
vt 0.862827 0.000000
vt 0.863471 0.416199
vt 0.183348 0.183348
vt 0.190420 0.190420
vt 0.231624 0.231624
vt 0.378908 0.378908
vt 0.386157 0.386157
vt 0.374741 0.374741
vt 0.395309 0.395309
vt 0.388412 0.388412
vt 0.234246 0.234246
vt 0.229315 0.229315
vt 0.184699 0.184699
vt 0.246687 0.246687
vt 0.357201 0.357201
vt 0.234246 0.234246
vt 0.388412 0.388412
vt 0.378908 0.378908
vt 0.231624 0.231624
vt 0.952301 0.816949
vt 0.859399 0.609935
vt 0.944286 0.135035
vt 1.000000 0.135029
vt 1.000000 0.864612
s 0
usemtl Brown.001
f 474/627/143 475/628/143 472/629/143 471/630/143
f 480/631/144 482/632/144 484/633/144 479/634/144
f 484/635/145 485/636/145 486/637/145 479/638/145
f 468/639/146 487/640/146 469/641/146
f 469/642/147 487/643/147 486/644/147 485/645/147 478/646/147
s 1
f 461/647/148 460/648/148 483/649/148 476/650/148 465/651/148 470/652/148
f 464/653/149 473/654/149 481/655/149 458/656/149 462/657/149 463/658/149 477/659/149
f 459/660/150 467/661/150 466/662/150 457/663/150
s 0
f 468/664/151 469/665/151 478/666/151 474/667/151 471/668/151
g Wall_cell.007_cell.003_Wall_cell.007_cell.001
v 5.645463 -3.000000 0.134040
v 5.668462 -2.944180 0.134040
v 5.823153 -3.000000 -0.134040
v 6.078083 -2.381265 -0.134040
v 6.126163 -2.264314 -0.134040
v 5.975999 -2.196130 0.134040
v 5.575057 -1.795066 -0.134040
v 2.734731 -2.450077 0.134040
v 2.981719 0.405822 -0.102581
v 3.020096 0.331591 0.085203
v 3.030070 0.312227 0.134040
v 2.676009 -3.000000 0.134040
v 2.975335 0.418220 -0.134040
v 2.610327 -3.000000 -0.134040
v 2.734731 -2.450077 0.134040
v 3.030070 0.312227 0.134040
v 2.676009 -3.000000 0.134040
v 2.676009 -3.000000 0.134040
v 2.610327 -3.000000 -0.134040
v 2.610327 -3.000000 -0.134040
v 2.975335 0.418220 -0.134040
v 5.645463 -3.000000 0.134040
v 5.645463 -3.000000 0.134040
v 5.668462 -2.944180 0.134040
v 5.823153 -3.000000 -0.134040
v 5.823153 -3.000000 -0.134040
v 6.078083 -2.381265 -0.134040
v 6.126163 -2.264314 -0.134040
v 5.975999 -2.196130 0.134040
v 5.575057 -1.795066 -0.134040
vn -0.9657 0.1033 0.2382
vn -0.9661 0.1032 0.2367
vn 0.7883 -0.3248 0.5225
vn 0.7879 -0.3239 0.5237
vn 0.6392 0.7508 0.1662
vn 0.6392 0.7507 0.1671
vn -0.0000 -0.0000 1.0000
vn -0.0000 -0.0000 -1.0000
vn -0.0000 -1.0000 -0.0000
vt 0.377427 0.241704
vt 0.505910 0.237345
vt 1.000000 0.220637
vt 1.000000 0.864621
vt 0.988640 0.864682
vt 0.864621 0.864621
vt 0.220637 0.220637
vt 0.217852 0.135059
vt 0.988729 0.135436
vt 0.935671 0.072104
vt 0.934966 0.799223
vt 0.135001 0.000000
vt 0.863500 0.000000
vt 1.000000 0.864999
vt 0.864905 0.864905
vt 0.135896 0.135896
vt 1.000000 0.136500
vt 0.476536 0.255329
vt 1.000000 0.268608
vt 1.000000 0.864888
vt 0.388852 0.253115
vt 0.864888 0.864888
vt 0.268608 0.268608
vt 0.277760 0.135805
vt 1.000000 0.135896
vt 1.000000 0.864905
vt 0.931775 0.931775
vt 0.933534 0.933534
vt 0.957055 0.957055
vt 0.731745 0.731745
vt 0.709157 0.709157
vt 0.704666 0.704666
vt 0.968540 0.968540
vt 0.964863 0.964863
vt 0.945365 0.945365
vt 0.699643 0.699643
vt 0.727559 0.727559
vt 0.926391 0.926391
vt 0.931775 0.931775
vt 0.704666 0.704666
s 0
usemtl Brown.001
f 503/669/152 497/670/152 496/671/152 502/672/152
f 504/673/153 502/674/153 496/675/153 508/676/153 506/677/153
f 509/678/154 512/679/154 514/680/154 511/681/154
f 514/682/155 515/683/155 516/684/155 511/685/155
f 496/686/156 497/687/156 517/688/156 508/689/156
f 517/690/157 497/691/157 503/692/157 516/693/157 515/694/157
s 1
f 510/695/158 489/696/158 493/697/158 498/698/158 495/699/158 505/700/158
f 492/701/159 491/702/159 513/703/159 507/704/159 500/705/159 494/706/159
f 488/707/160 499/708/160 501/704/160 490/703/160
g Wall_cell.007_cell.004_cell_Wall_cell.007_cell.004_cell.007
v -1.263251 -0.226547 -0.032431
v -1.285635 -0.239626 -0.009664
v -1.391593 -0.301831 0.097885
v -1.430573 -0.309882 -0.018560
v -1.349512 -0.422542 -0.052886
v -1.400743 -0.399477 -0.134040
v -1.197128 -0.208024 -0.114784
v -1.214171 -0.207572 -0.134040
v -1.187002 -0.181983 -0.110122
v -1.210429 -0.191263 -0.134040
v -1.469018 -0.318074 -0.134040
v -1.400743 -0.399477 -0.134040
v -1.214171 -0.207572 -0.134040
v -1.210429 -0.191263 -0.134040
v -1.469018 -0.318074 -0.134040
vn -0.7336 -0.6155 0.2881
vn 0.7361 -0.1689 -0.6555
vn -0.4388 0.8948 0.0826
vn -0.4388 0.8945 0.0850
vn -0.0000 -0.0000 -1.0000
vn 0.7589 -0.3886 0.5225
vn 0.6009 -0.5843 -0.5454
vt 0.670666 0.119693
vt 0.883515 0.135314
vt 1.000000 0.135126
vt 1.000000 0.355699
vt 0.559971 0.325500
vt 0.746415 0.450447
vt 0.420644 0.420644
vt 0.303019 0.303019
vt 0.488429 0.303845
vt 0.448985 0.000000
vt 0.473188 0.000000
vt 0.476541 0.065204
vt 0.487960 0.287678
vt 0.483688 0.348407
vt 0.440760 0.305538
vt 0.765318 0.456744
vt 0.473188 0.473188
vt 0.448985 0.448985
vt 0.392869 0.392869
vt 0.387647 0.387647
vt 0.407424 0.407424
vt 0.407138 0.407138
vt 0.700598 0.597169
vt 0.588985 0.588985
vt 0.622310 0.527073
vt 0.780319 0.234604
vt 0.898367 0.600770
vt 0.732169 0.611466
vt 1.000000 0.420644
vt 0.355699 0.355699
vt 0.135126 0.135126
vt 1.000000 0.303019
s 0
usemtl Brown.001
f 521/709/161 532/710/161 529/711/161 522/712/161 520/713/161
f 526/714/162 524/715/162 530/716/162 531/717/162
f 521/718/163 519/719/163 518/720/163 526/721/163 531/722/163 532/723/163
f 520/724/164 519/725/164 521/726/164
s 1
f 523/727/165 528/728/165 527/729/165 525/730/165
s 0
f 526/731/166 518/732/166 519/733/166 520/734/166 522/735/166 524/736/166
f 524/737/167 522/738/167 529/739/167 530/740/167
g Wall_cell.007_cell.004_cell.003_Wall_cell.007_cell.004_cell.001
v -1.163519 -0.168258 -0.134040
v -1.195847 -0.207805 -0.116481
v -1.191687 -0.223324 -0.134040
v -1.211282 -0.207261 -0.134040
v -1.185735 -0.181242 -0.111406
v -1.207605 -0.189878 -0.134040
v -1.191687 -0.223324 -0.134040
v -1.211282 -0.207261 -0.134040
v -1.207605 -0.189878 -0.134040
v -1.163519 -0.168258 -0.134040
vn -0.5594 -0.6824 0.4706
vn -0.7394 0.1564 0.6548
vn -0.4388 0.8948 0.0826
vn -0.0000 -0.0000 -1.0000
vn 0.7590 -0.3884 0.5226
vt 0.311970 0.311970
vt 0.450187 0.311771
vt 0.420788 0.420788
vt 1.000000 0.311970
vt 1.000000 0.420788
vt 0.709167 0.201677
vt 0.810788 0.148957
vt 0.484157 0.348875
vt 0.488149 0.291366
vt 0.491476 0.356184
vt 0.407640 0.407640
vt 0.411012 0.411012
vt 0.408858 0.408858
vt 0.407359 0.407359
vt 0.771486 0.636236
vt 0.734966 0.599689
vt 0.702454 0.597306
vt 0.734848 0.612380
s 0
usemtl Brown.001
f 540/741/168 539/742/168 534/743/168
f 540/744/169 534/745/169 537/746/169 541/747/169
f 541/748/170 537/749/170 542/750/170
s 1
f 538/751/171 533/752/171 535/753/171 536/754/171
s 0
f 539/755/172 542/756/172 537/757/172 534/758/172
g Wall_cell.007_cell.004_cell.004_Wall_cell.007_cell.004_cell.002
v -1.784077 -0.481236 -0.040257
v -1.863600 -0.511575 -0.134040
v -1.635528 -0.424935 0.134040
v -1.606801 -0.395305 -0.029376
v -1.608858 -0.386651 -0.134040
v -1.547501 -0.547486 -0.134040
v -1.595730 -0.429456 0.134040
v -1.603459 -0.409202 0.134040
v -1.608858 -0.386651 -0.134040
v -1.547501 -0.547486 -0.134040
v -1.595730 -0.429456 0.134040
v -1.603459 -0.409202 0.134040
v -1.635528 -0.424935 0.134040
v -1.863600 -0.511575 -0.134040
vn -0.1042 -0.9170 0.3850
vn -0.4388 0.8948 0.0826
vn -0.4388 0.8945 0.0850
vn -0.0000 -0.0000 1.0000
vn -0.0000 -0.0000 -1.0000
vn 0.9343 0.3564 0.0112
vt 0.136197 0.084367
vt 0.610049 0.478536
vt 0.865012 0.690767
vt 0.864958 0.801836
vt 0.136190 0.098351
vt 0.417545 0.282356
vt 0.375256 0.240125
vt 0.389955 0.000000
vt 0.419557 0.000000
vt 0.419557 0.419557
vt 0.389955 0.389955
vt 0.863471 0.416570
vt 0.863479 0.421903
vt 0.377364 0.377364
vt 0.374912 0.374912
vt 0.377956 0.377956
vt 0.376952 0.376952
vt 0.381644 0.381644
vt 0.357468 0.357468
vt 0.863234 0.581797
vt 0.863264 0.622326
vt 0.859092 0.723377
vt 0.536854 0.401643
vt 0.553962 0.134609
s 0
usemtl Brown.001
f 555/759/173 543/760/173 556/761/173 548/762/173 549/763/173
f 551/764/174 556/765/174 543/766/174 546/767/174
f 546/768/175 543/769/175 555/770/175 554/771/175
s 1
f 550/772/176 545/773/176 553/774/176
f 547/775/177 552/776/177 544/777/177
s 0
f 554/778/178 549/779/178 548/780/178 551/781/178 546/782/178
g Wall_cell.007_cell.004_cell.005_Wall_cell.007_cell.004_cell.003
v -1.367946 -0.567884 -0.134040
v -1.399622 -0.402088 -0.134040
v -1.401449 -0.419078 -0.134040
v -1.360846 -0.461882 -0.065644
v -1.349501 -0.424727 -0.054524
v -1.386814 -0.548067 -0.091943
v -1.415912 -0.562435 -0.134040
v -1.388106 -0.390084 -0.134040
v -1.327245 -0.393174 -0.063399
v -1.225813 -0.250371 -0.104592
v -1.212473 -0.209438 -0.134040
v -1.237230 -0.234713 -0.134040
v -1.196992 -0.209970 -0.116426
v -1.192763 -0.225427 -0.134040
v -1.399622 -0.402088 -0.134040
v -1.401449 -0.419078 -0.134040
v -1.415912 -0.562435 -0.134040
v -1.388106 -0.390084 -0.134040
v -1.212473 -0.209438 -0.134040
v -1.237230 -0.234713 -0.134040
v -1.192763 -0.225427 -0.134040
v -1.367946 -0.567884 -0.134040
vn -0.8309 0.0894 0.5492
vn -0.8329 0.0840 0.5470
vn -0.6045 0.5800 0.5461
vn -0.5992 0.5870 0.5444
vn -0.6019 0.5845 0.5441
vn 0.5566 0.6861 -0.4685
vn -0.1042 -0.9170 0.3850
vn -0.0000 -0.0000 -1.0000
vn 0.7589 -0.3882 0.5229
vt 1.000000 0.135257
vt 1.000000 0.320987
vt 0.648081 0.000000
vt 0.864459 0.000000
vt 0.696833 0.249847
vt 0.320987 0.320987
vt 0.135257 0.135257
vt 0.759925 0.135642
vt 0.327111 0.327111
vt 0.135269 0.135269
vt 0.135541 0.000000
vt 0.351919 0.000000
vt 0.583218 0.000000
vt 0.691149 0.000000
vt 1.000000 0.136662
vt 1.000000 0.216506
vt 0.216506 0.216506
vt 0.136662 0.136662
vt 1.000000 0.135269
vt 1.000000 0.327111
vt 0.308851 0.000000
vt 0.416782 0.000000
vt 0.445977 0.137134
vt 0.864935 0.848073
vt 0.864927 0.864927
vt 0.750489 0.750489
vt 0.395377 0.395377
vt 0.391708 0.391708
vt 0.392815 0.392815
vt 0.392954 0.392954
vt 0.393835 0.393835
vt 0.405374 0.405374
vt 0.407268 0.407268
vt 0.408775 0.408775
vt 0.736481 0.613524
vt 0.752466 0.624939
vt 0.869331 0.612231
vt 0.900259 0.605303
vt 0.932558 0.646683
vt 1.000000 0.750489
vt 1.000000 0.864927
vt 0.772881 0.637633
s 0
usemtl Brown.001
f 572/783/179 560/784/179 561/785/179 571/786/179
f 562/787/180 560/788/180 572/789/180 573/790/180
f 565/791/181 574/792/181 571/793/181 561/794/181
f 569/795/182 575/796/182 576/797/182 566/798/182
f 566/799/183 576/800/183 574/801/183 565/802/183
f 575/803/184 569/804/184 577/805/184
f 573/806/185 578/807/185 562/808/185
s 1
f 557/809/186 563/810/186 559/811/186 558/812/186 564/813/186 568/814/186 567/815/186 570/816/186
s 0
f 569/817/187 566/818/187 565/819/187 561/820/187 560/821/187 562/822/187 578/823/187 577/824/187
g Wall_cell.007_cell.004_cell.006_Wall_cell.007_cell.004_cell.004
v -1.427214 -0.322743 0.134040
v -1.488096 -0.441684 0.134040
v -1.601737 -0.408358 0.134040
v -1.593573 -0.429701 0.134040
v -1.607305 -0.385889 -0.134040
v -1.545462 -0.547718 -0.134040
v -1.605213 -0.394535 -0.029279
v -1.393224 -0.302788 0.099540
v -1.424947 -0.309256 0.003884
v -1.377167 -0.348361 0.042328
v -1.350772 -0.424509 -0.052518
v -1.387795 -0.547036 -0.089753
v -1.418602 -0.562130 -0.134040
v -1.402303 -0.401157 -0.134040
v -1.432503 -0.310817 -0.018678
v -1.470949 -0.319021 -0.134040
v -1.601737 -0.408358 0.134040
v -1.593573 -0.429701 0.134040
v -1.607305 -0.385889 -0.134040
v -1.545462 -0.547718 -0.134040
v -1.418602 -0.562130 -0.134040
v -1.402303 -0.401157 -0.134040
v -1.470949 -0.319021 -0.134040
v -1.488096 -0.441684 0.134040
v -1.427214 -0.322743 0.134040
vn 0.7339 0.6165 -0.2851
vn 0.8312 -0.0842 -0.5495
vn 0.7347 0.6140 -0.2885
vn -0.1042 -0.9170 0.3850
vn -0.4388 0.8948 0.0826
vn -0.4388 0.8945 0.0850
vn -0.0000 -0.0000 1.0000
vn -0.0000 -0.0000 -1.0000
vn 0.7589 -0.3883 0.5228
vn -0.9340 -0.3571 -0.0105
vt 0.506575 0.277153
vt 0.384601 0.000000
vt 0.489175 0.000000
vt 0.356886 0.000000
vt 0.832328 0.576597
vt 0.832069 0.696856
vt 0.134959 0.000000
vt 0.908685 0.449380
vt 1.000000 0.510825
vt 1.000000 0.615399
vt 0.356886 0.356886
vt 0.134959 0.134959
vt 0.440957 0.135206
vt 0.136171 0.136171
vt 0.136189 0.099109
vt 0.864957 0.802552
vt 0.864936 0.847128
vt 0.744537 0.744537
vt 0.417803 0.282613
vt 0.419823 0.000000
vt 0.448663 0.000000
vt 0.440440 0.305218
vt 0.419823 0.419823
vt 0.863480 0.422190
vt 0.863525 0.451216
vt 0.769815 0.456491
vt 0.509955 0.450167
vt 0.448663 0.448663
vt 0.378121 0.378121
vt 0.386188 0.386188
vt 0.390844 0.390844
vt 0.377496 0.377496
vt 0.391503 0.391503
vt 0.381800 0.381800
vt 0.377070 0.377070
vt 0.387499 0.387499
vt 0.392749 0.392749
vt 0.782752 0.230101
vt 0.833438 0.136283
vt 1.000000 0.136171
vt 1.000000 0.744537
vt 0.900321 0.600710
vt 0.830114 0.366426
vt 0.579992 0.444669
vt 0.972560 0.420141
vt 0.670746 0.135486
vt 0.994171 0.135267
vt 0.622689 0.487412
s 0
usemtl Brown.001
f 586/825/188 588/826/188 587/827/188
f 589/828/189 590/829/189 599/830/189 600/831/189
f 593/832/190 587/833/190 588/834/190 589/835/190 600/836/190 601/837/190
f 602/838/191 582/839/191 598/840/191 599/841/191 590/842/191
f 597/843/192 585/844/192 593/845/192 601/846/192
f 585/847/193 581/848/193 603/849/193 586/850/193 587/851/193 593/852/193
s 1
f 596/853/194 580/854/194 579/855/194 595/856/194
f 591/857/195 584/858/195 583/859/195 594/860/195 592/861/195
s 0
f 586/862/196 603/863/196 602/864/196 590/865/196 589/866/196 588/867/196
f 581/868/197 585/869/197 597/870/197 598/871/197 582/872/197
g Wall_cell.007_cell.001_cell_Wall_cell.007_cell.001_cell.007
v -1.499123 -0.774178 0.134040
v -1.486791 -0.442852 0.134040
v -1.366839 -0.569082 -0.134040
v -1.424753 -0.321535 0.134040
v -1.317381 -0.472366 -0.134040
v -1.283533 -0.238607 -0.009535
v -1.261489 -0.225724 -0.031992
v -1.160926 -0.166987 -0.134040
v 1.059487 -2.387540 0.134040
v 1.163856 -2.195246 -0.134040
v 1.241057 -2.153846 0.134040
v 2.314543 -0.714230 -0.134040
v 2.490759 -0.487267 -0.134040
v 2.352938 -0.721761 0.134040
v -1.446922 -1.794117 -0.059870
v -1.474009 -1.680332 0.007495
v -1.524662 -1.467059 0.134040
v -1.159677 -2.212218 0.134040
v -1.125580 -2.281690 0.134040
v -1.417078 -1.918862 -0.134040
v -1.341041 -2.073786 -0.134040
v -0.544166 0.119786 0.035845
v -0.336406 0.237355 -0.134040
v -0.663914 0.051706 0.134040
v 1.163856 -2.195246 -0.134040
v 2.314543 -0.714230 -0.134040
v 1.059487 -2.387540 0.134040
v 1.241057 -2.153846 0.134040
v 2.352938 -0.721761 0.134040
v 2.490759 -0.487267 -0.134040
v -1.524662 -1.467059 0.134040
v -1.159677 -2.212218 0.134040
v -1.125580 -2.281690 0.134040
v -1.417078 -1.918862 -0.134040
v -1.341041 -2.073786 -0.134040
v -0.663914 0.051706 0.134040
v -0.336406 0.237355 -0.134040
v -1.499123 -0.774178 0.134040
v -1.486791 -0.442852 0.134040
v -1.366839 -0.569082 -0.134040
v -1.317381 -0.472366 -0.134040
v -1.424753 -0.321535 0.134040
v -1.160926 -0.166987 -0.134040
vn 0.1778 0.6937 0.6979
vn 0.7828 -0.6082 -0.1315
vn 0.7832 -0.6081 -0.1293
vn -0.8390 -0.4109 0.3567
vn -0.8392 -0.4119 0.3551
vn -0.9072 0.0334 -0.4195
vn -0.9063 0.0337 -0.4214
vn -0.7592 0.3882 -0.5225
vn -0.7582 0.3885 -0.5236
vn -0.4388 0.8948 0.0826
vn -0.4388 0.8945 0.0850
vn -0.0000 -0.0000 1.0000
vn -0.0000 -0.0000 -1.0000
vn -0.0390 -0.8046 -0.5925
vt 1.000000 0.135528
vt 1.000000 0.862995
vt 0.447882 0.312104
vt 0.858933 0.261993
vt 0.237736 0.136550
vt 0.136272 0.136272
vt 1.000000 0.136900
vt 1.000000 0.863809
vt 0.863710 0.863710
vt 0.863809 0.863809
vt 0.136900 0.136900
vt 0.137005 0.000000
vt 0.864472 0.000000
vt 0.767056 0.287854
vt 1.000000 0.337706
vt 1.000000 0.863546
vt 0.329893 0.194632
vt 0.863546 0.863546
vt 0.337706 0.337706
vt 0.695704 0.136344
vt 1.000000 0.136220
vt 1.000000 0.863490
vt 0.479321 0.000000
vt 0.398242 0.262916
vt 0.134827 0.000000
vt 0.134827 0.134827
vt 0.134838 0.000000
vt 0.864695 0.000000
vt 0.864647 0.549267
vt 0.662721 0.512716
vt 0.479321 0.479321
vt 1.000000 0.587365
vt 1.000000 0.864859
vt 0.864695 0.864695
vt 0.134838 0.134838
vt 0.304560 0.135044
vt 0.906044 0.526186
vt 0.587365 0.587365
vt 0.864869 0.598034
vt 0.864859 0.864859
vt 0.476840 0.064310
vt 0.473539 0.000000
vt 0.597005 0.000000
vt 0.628783 0.493301
vt 0.491906 0.356613
vt 0.597005 0.597005
vt 0.473539 0.473539
vt 0.863525 0.451625
vt 0.863721 0.578165
vt 0.413914 0.413914
vt 0.581032 0.581032
vt 0.594918 0.594918
vt 0.679957 0.679957
vt 0.449223 0.449223
vt 0.391032 0.391032
vt 0.386288 0.386288
vt 0.385344 0.385344
vt 0.383391 0.383391
vt 0.411306 0.411306
vt 0.589014 0.589014
vt 0.397435 0.397435
vt 0.391619 0.391619
vt 0.395462 0.395462
vt 0.399244 0.399244
vt 0.411210 0.411210
vt 0.474271 0.474271
vt 0.690498 0.690498
vt 0.677021 0.677021
vt 1.000000 0.863710
vt 0.863490 0.863490
vt 0.136220 0.136220
vt 1.000000 0.136272
s 0
usemtl Brown.001
f 632/873/198 633/874/198 640/875/198 625/876/198 639/877/198
f 628/878/199 629/879/199 631/880/199 630/881/199
f 631/882/200 629/883/200 633/884/200 632/885/200
f 619/886/201 618/887/201 635/888/201 634/889/201
f 635/890/202 618/891/202 637/892/202 638/893/202 636/894/202
f 619/895/203 634/896/203 641/897/203
f 641/898/204 642/899/204 643/900/204 637/901/204 618/902/204 619/903/204
f 610/904/205 644/905/205 643/906/205 642/907/205 645/908/205 609/909/205
f 610/910/206 646/911/206 644/912/206
f 610/913/207 609/914/207 625/915/207 640/916/207 646/917/207
f 625/918/208 609/919/208 645/920/208 639/921/208
s 1
f 622/922/209 612/923/209 614/924/209 617/925/209 627/926/209 607/927/209 605/928/209 604/929/209 620/930/209 621/931/209
f 613/932/210 624/933/210 623/934/210 606/935/210 608/936/210 611/937/210 626/938/210 616/939/210 615/940/210
s 0
f 630/941/211 636/942/211 638/943/211 628/944/211
g Wall_cell.007_cell.001_cell.001_Wall_cell.007_cell.001_cell.008
v 2.607639 -3.000000 -0.134040
v 2.674162 -3.000000 0.134040
v 2.724495 -0.253116 -0.134040
v 2.903051 -0.237667 -0.134040
v 2.377737 -0.699330 0.134040
v 2.985679 -0.086269 0.134040
v 2.629406 -0.349005 -0.134040
v 2.356398 -0.720899 0.134040
v 2.493818 -0.486056 -0.134040
v 1.165455 -2.196127 -0.134040
v 1.060328 -2.389400 0.134040
v 1.070536 -3.000000 0.134040
v 1.178952 -3.000000 -0.134040
v 2.724495 -0.253116 -0.134040
v 2.903051 -0.237667 -0.134040
v 2.377737 -0.699330 0.134040
v 2.985679 -0.086269 0.134040
v 2.629406 -0.349005 -0.134040
v 2.356398 -0.720899 0.134040
v 2.493818 -0.486056 -0.134040
v 1.165455 -2.196127 -0.134040
v 1.060328 -2.389400 0.134040
v 1.070536 -3.000000 0.134040
v 1.070536 -3.000000 0.134040
v 1.178952 -3.000000 -0.134040
v 1.178952 -3.000000 -0.134040
v 2.674162 -3.000000 0.134040
v 2.674162 -3.000000 0.134040
v 2.607639 -3.000000 -0.134040
v 2.607639 -3.000000 -0.134040
vn -0.0760 0.8781 -0.4725
vn -0.6883 0.6825 0.2458
vn -0.6894 0.6820 0.2441
vn -0.9270 -0.0155 -0.3748
vn -0.0000 -0.0000 1.0000
vn -0.0000 -0.0000 -1.0000
vn -0.0000 -1.0000 -0.0000
vn 0.9654 -0.1032 -0.2394
vn -0.7829 0.6081 0.1314
vt 0.578824 0.443258
vt 0.134853 0.000000
vt 0.859497 0.000000
vt 0.859497 0.859497
vt 0.134853 0.134853
vt 0.134848 0.000000
vt 0.863845 0.000000
vt 0.136155 0.000000
vt 0.865151 0.000000
vt 0.864995 0.864995
vt 0.136131 0.136131
vt 1.000000 0.864178
vt 0.919777 0.054678
vt 0.919451 0.783768
vt 1.000000 0.135703
vt 0.581096 0.581096
vt 0.581877 0.581877
vt 0.704525 0.704525
vt 0.728350 0.728350
vt 0.681854 0.681854
vt 0.680222 0.680222
vt 0.722031 0.722031
vt 0.699437 0.699437
vt 0.590168 0.590168
vt 0.589136 0.589136
vt 0.690732 0.690732
vt 0.701102 0.701102
vt 0.708374 0.708374
vt 0.699437 0.699437
vt 0.704525 0.704525
vt 0.581877 0.581877
vt 0.331500 0.135320
vt 0.988683 0.135287
vt 0.988664 0.864139
vt 0.476048 0.341800
vt 0.864297 0.000000
vt 1.000000 0.136130
vt 1.000000 0.864995
vt 0.135822 0.000000
s 0
usemtl Brown.001
f 661/945/212 660/946/212 663/947/212
f 663/948/213 660/949/213 664/950/213 662/951/213
f 662/952/214 664/953/214 666/954/214 665/955/214
f 667/956/215 671/957/215 669/958/215 668/959/215
s 1
f 657/960/216 670/961/216 673/962/216 652/963/216 651/964/216 654/965/216
f 650/966/217 675/967/217 672/968/217 656/969/217 655/970/217 653/971/217 649/972/217
f 676/973/218 674/974/218 658/975/218 659/968/218
s 0
f 663/976/219 648/977/219 647/978/219 661/979/219
f 668/980/220 665/981/220 666/982/220 667/983/220
g Wall_cell.007_cell.001_cell.002_Wall_cell.007_cell.001_cell.001
v -1.581165 -3.000000 0.134040
v -1.378319 -3.000000 0.134040
v -1.430437 -2.883189 0.134040
v -1.525099 -2.897439 0.020963
v -1.530864 -2.852358 0.037024
v -1.576531 -2.874273 0.134040
v -1.512151 -3.000000 -0.015214
v -1.378319 -3.000000 0.134040
v -1.378319 -3.000000 0.134040
v -1.430437 -2.883189 0.134040
v -1.576531 -2.874273 0.134040
v -1.581165 -3.000000 0.134040
v -1.581165 -3.000000 0.134040
v -1.512151 -3.000000 -0.015214
vn 0.7076 0.3157 -0.6322
vn 0.0590 0.9674 0.2463
vn 0.7071 0.3129 -0.6341
vn -0.9072 0.0334 -0.4195
vn -0.0000 -0.0000 1.0000
vn -0.0000 -1.0000 -0.0000
vt 1.000000 0.397750
vt 1.000000 0.794280
vt 0.218599 0.000000
vt 0.667400 0.000000
vt 0.794280 0.794280
vt 0.397750 0.397750
vt 0.794190 0.215597
vt 0.667400 0.667400
vt 0.218599 0.218599
vt 0.627543 0.218198
vt 0.942033 0.498431
vt 0.981024 0.439050
vt 0.981026 0.844595
vt 0.933228 0.796888
vt 0.924895 0.524966
vt 0.379424 0.379424
vt 0.379070 0.379070
vt 0.394584 0.394584
vt 0.390598 0.390598
vt 0.394584 0.394584
vt 0.379070 0.379070
vt 0.384348 0.384348
s 0
usemtl Brown.001
f 681/984/221 686/985/221 684/986/221 680/987/221
f 686/988/222 681/989/222 687/990/222
f 680/991/223 684/992/223 690/993/223
f 680/994/224 690/995/224 688/996/224 687/997/224 681/998/224
s 1
f 682/999/225 689/1000/225 685/1001/225 679/1002/225
f 678/1003/226 677/1004/226 683/1005/226
g Wall_cell.007_cell.001_cell.003_Wall_cell.007_cell.001_cell.002
v -1.524858 -1.472394 0.134040
v -1.342854 -2.074498 -0.134040
v -1.127720 -2.283214 0.134040
v -1.473851 -1.686030 0.006699
v -1.378765 -2.780686 0.134040
v -1.506823 -2.708274 -0.003482
v -1.454228 -2.394106 -0.092185
v -1.429236 -2.245519 -0.134040
v -1.412317 -2.847063 0.134040
v -1.417219 -1.922672 -0.134040
v -1.576461 -2.872375 0.134040
v -1.429780 -2.881361 0.134040
v -1.530680 -2.850160 0.036802
v -1.524858 -1.472394 0.134040
v -1.127720 -2.283214 0.134040
v -1.378765 -2.780686 0.134040
v -1.417219 -1.922672 -0.134040
v -1.342854 -2.074498 -0.134040
v -1.429236 -2.245519 -0.134040
v -1.412317 -2.847063 0.134040
v -1.576461 -2.872375 0.134040
v -1.429780 -2.881361 0.134040
vn 0.8400 0.4114 -0.3538
vn -0.0592 -0.9668 -0.2488
vn 0.6084 -0.3097 -0.7307
vn -0.9072 0.0334 -0.4195
vn -0.9063 0.0337 -0.4214
vn -0.0000 -0.0000 1.0000
vn -0.0000 -0.0000 -1.0000
vn 0.6102 -0.3081 -0.7299
vt 0.136455 0.136455
vt 0.138718 0.000000
vt 0.518419 0.069660
vt 0.864096 0.133509
vt 0.864533 0.864533
vt 1.000000 0.795341
vt 0.419909 0.215324
vt 1.000000 0.395952
vt 1.000000 0.864493
vt 0.795341 0.795341
vt 0.395952 0.395952
vt 1.000000 0.490501
vt 0.400270 0.264940
vt 0.481487 0.000000
vt 0.750678 0.000000
vt 0.870117 0.360232
vt 0.924059 0.523527
vt 0.932506 0.796168
vt 0.481487 0.481487
vt 0.864647 0.550817
vt 0.864636 0.682193
vt 0.750678 0.750678
vt 0.390648 0.390648
vt 0.391983 0.391983
vt 0.394550 0.394550
vt 0.413750 0.413750
vt 0.383376 0.383376
vt 0.379429 0.379429
vt 0.391626 0.391626
vt 0.397296 0.397296
vt 0.390689 0.390689
vt 0.863750 0.674911
vt 1.000000 0.136455
vt 1.000000 0.864533
vt 0.135346 0.135346
vt 0.135507 0.000000
vt 0.509499 0.000000
vt 0.750183 0.458066
s 0
usemtl Brown.001
f 708/1006/227 707/1007/227 694/1008/227 704/1009/227 705/1010/227
f 712/1011/228 711/1012/228 703/1013/228
f 699/1014/229 712/1015/229 703/1016/229 696/1017/229
f 704/1018/230 694/1019/230 697/1020/230 696/1021/230 703/1022/230 711/1023/230
f 694/1024/231 707/1025/231 709/1026/231 697/1027/231
s 1
f 702/1028/232 710/1029/232 706/1030/232 693/1031/232 691/1032/232 701/1033/232
f 700/1034/233 692/1035/233 698/1036/233
s 0
f 709/1037/234 708/1038/234 705/1039/234 695/1040/234 699/1041/234 696/1042/234 697/1043/234
g Wall_cell.007_cell.001_cell.004_Wall_cell.007_cell.001_cell.003
v -1.445922 -2.693818 -0.134040
v -1.457207 -3.000000 -0.134040
v 1.058623 -2.390377 0.134040
v 1.163144 -2.196887 -0.134040
v 1.068649 -3.000000 0.134040
v 1.176320 -3.000000 -0.134040
v -0.775019 -2.301746 0.134040
v -1.125362 -2.284939 0.134040
v -1.340947 -2.076654 -0.134040
v 0.876996 -2.183056 -0.134040
v -1.375291 -3.000000 0.134040
v -1.511223 -3.000000 -0.017222
v -1.513787 -2.979980 -0.010081
v -1.411588 -2.919091 0.134040
v -1.427865 -2.882008 0.134040
v -1.529938 -2.851052 0.035125
v -1.506599 -2.710600 -0.004152
v -1.454126 -2.397762 -0.092695
v -1.429453 -2.251345 -0.134040
v -1.376567 -2.780128 0.134040
v -1.410790 -2.847747 0.134040
v -1.380471 -2.154567 -0.134040
v 1.068649 -3.000000 0.134040
v 1.068649 -3.000000 0.134040
v 1.176320 -3.000000 -0.134040
v 1.176320 -3.000000 -0.134040
v 1.163144 -2.196887 -0.134040
v 1.058623 -2.390377 0.134040
v -1.340947 -2.076654 -0.134040
v 0.876996 -2.183056 -0.134040
v -0.775019 -2.301746 0.134040
v -1.125362 -2.284939 0.134040
v -1.375291 -3.000000 0.134040
v -1.375291 -3.000000 0.134040
v -1.511223 -3.000000 -0.017222
v -1.411588 -2.919091 0.134040
v -1.427865 -2.882008 0.134040
v -1.429453 -2.251345 -0.134040
v -1.380471 -2.154567 -0.134040
v -1.376567 -2.780128 0.134040
v -1.410790 -2.847747 0.134040
v -1.445922 -2.693818 -0.134040
v -1.457207 -3.000000 -0.134040
v -1.457207 -3.000000 -0.134040
vn 0.0386 0.8039 0.5936
vn 0.0388 0.8030 0.5947
vn -0.7055 -0.3165 0.6340
vn -0.7084 -0.3109 0.6337
vn -0.6102 0.3088 0.7296
vn -0.6093 0.3091 0.7302
vn -0.6132 0.3056 0.7284
vn -0.9072 0.0334 -0.4195
vn -0.9063 0.0337 -0.4214
vn -0.0000 -0.0000 1.0000
vn -0.0000 -0.0000 -1.0000
vn -0.0000 -1.0000 -0.0000
vn 0.9278 0.0152 0.3727
vt 0.135864 0.000000
vt 0.863502 0.000000
vt 1.000000 0.136678
vt 1.000000 0.865275
vt 0.865275 0.865275
vt 0.136678 0.136678
vt 1.000000 0.136786
vt 1.000000 0.865292
vt 0.887913 0.559322
vt 0.466648 0.138908
vt 1.000000 0.139886
vt 1.000000 0.539716
vt 0.539715 0.539715
vt 0.139886 0.139886
vt 0.203939 0.000000
vt 0.604007 0.000000
vt 0.804129 0.668379
vt 0.703054 0.455159
vt 0.488066 0.000000
vt 0.863144 0.000000
vt 1.000000 0.136811
vt 1.000000 0.864186
vt 0.864186 0.864186
vt 0.136811 0.136811
vt 1.000000 0.136498
vt 1.000000 0.864137
vt 0.863144 0.863144
vt 0.488066 0.488066
vt 1.000000 0.395993
vt 1.000000 0.796061
vt 0.864620 0.000000
vt 0.981022 0.116182
vt 0.981024 0.433594
vt 0.973413 0.445401
vt 0.924398 0.519311
vt 0.871002 0.359292
vt 0.752068 0.000000
vt 0.864620 0.864620
vt 0.752068 0.752068
vt 0.864636 0.684564
vt 0.392039 0.392039
vt 0.394815 0.394815
vt 0.581732 0.581732
vt 0.580965 0.580965
vt 0.440725 0.440725
vt 0.413930 0.413930
vt 0.394718 0.394718
vt 0.392100 0.392100
vt 0.390794 0.390794
vt 0.588959 0.588959
vt 0.589967 0.589967
vt 0.388550 0.388550
vt 0.389413 0.389413
vt 0.390673 0.390673
vt 0.394419 0.394419
vt 0.397442 0.397442
vt 0.567074 0.567074
vt 0.388550 0.388550
vt 0.589967 0.589967
vt 0.581732 0.581732
vt 0.394815 0.394815
vt 0.384419 0.384419
vt 0.919622 0.864147
vt 0.134708 0.000000
vt 0.863214 0.000000
vt 0.919881 0.135072
s 0
usemtl Brown.001
f 741/1044/235 744/1045/235 743/1046/235 742/1047/235
f 742/1048/236 743/1049/236 740/1050/236 739/1051/236
f 747/1052/237 745/1053/237 748/1054/237 725/1055/237
f 725/1056/238 748/1057/238 749/1058/238 728/1059/238
f 750/1060/239 730/1061/239 729/1062/239 753/1063/239 752/1064/239 751/1065/239
f 751/1066/240 752/1067/240 744/1068/240 741/1069/240
f 753/1070/241 729/1071/241 728/1072/241 749/1073/241
f 754/1074/242 755/1075/242 747/1076/242 725/1077/242 728/1078/242 729/1079/242 730/1080/242
f 754/1081/243 730/1082/243 750/1083/243
s 1
f 726/1084/244 746/1085/244 736/1086/244 715/1087/244 719/1088/244 720/1089/244 732/1090/244 733/1091/244 727/1092/244
f 716/1093/245 738/1094/245 756/1095/245 713/1096/245 731/1097/245 734/1098/245 721/1099/245 722/1100/245
f 714/1101/246 737/1102/246 735/1103/246 723/1104/246 724/1105/246
s 0
f 718/1106/247 739/1107/247 740/1108/247 717/1109/247
g Wall_cell.007_cell.001_cell.005_Wall_cell.007_cell.001_cell.004
v 1.873953 1.296557 0.134040
v 1.899726 1.333945 -0.134040
v 2.973372 0.419891 -0.134040
v 3.028432 0.313621 0.134040
v 2.528601 -0.057661 -0.134040
v 1.726907 1.158614 0.134040
v 2.985116 -0.084653 0.131077
v 2.725186 -0.251173 -0.134040
v 1.376629 1.077420 -0.134040
v 1.682297 1.202570 0.134040
v 2.730793 -0.250707 -0.134040
v 2.903244 -0.235863 -0.134040
v 2.971069 -0.110654 0.085648
v 2.528601 -0.057661 -0.134040
v 2.725186 -0.251173 -0.134040
v 1.376629 1.077420 -0.134040
v 1.726907 1.158614 0.134040
v 1.682297 1.202570 0.134040
v 2.730793 -0.250707 -0.134040
v 2.903244 -0.235863 -0.134040
v 1.873953 1.296557 0.134040
v 3.028432 0.313621 0.134040
v 1.899726 1.333945 -0.134040
v 2.973372 0.419891 -0.134040
v 2.985116 -0.084653 0.131077
vn -0.4637 -0.4710 0.7504
vn -0.4645 -0.4714 0.7497
vn 0.0754 -0.8762 0.4761
vn 0.0727 -0.8751 0.4784
vn 0.6392 0.7508 0.1663
vn -0.4388 0.8948 0.0826
vn -0.0029 -0.0044 1.0000
vn -0.0000 -0.0000 -1.0000
vn 0.9655 -0.1032 -0.2392
vt 1.000000 0.865208
vt 0.865219 0.865219
vt 0.136588 0.135365
vt 1.000000 0.135291
vt 0.865208 0.865208
vt 0.135291 0.135291
vt 0.135232 0.108916
vt 0.863684 0.184121
vt 0.571005 0.435847
vt 1.000000 0.267621
vt 1.000000 0.865313
vt 1.000000 0.143431
vt 1.000000 0.865219
vt 0.865313 0.865313
vt 0.267621 0.267621
vt 0.864351 0.000000
vt 0.277359 0.135805
vt 0.388390 0.252653
vt 0.135995 0.000000
vt 0.968184 0.103876
vt 1.000000 0.135649
vt 1.000000 0.864005
vt 0.913162 0.777286
vt 0.728393 0.728393
vt 0.731620 0.731620
vt 0.643323 0.643323
vt 0.628665 0.628665
vt 0.632077 0.632077
vt 0.708427 0.708427
vt 0.693392 0.693392
vt 0.605287 0.605287
vt 0.645295 0.645295
vt 0.727409 0.727409
vt 0.722045 0.722045
vt 0.708856 0.708856
vt 0.475713 0.341459
vt 0.354023 0.217460
vt 0.241306 0.135324
vt 0.332414 0.137326
vt 0.357793 0.168512
s 0
usemtl Brown.001
f 770/1110/248 771/1111/248 781/1112/248 773/1113/248
f 770/1114/249 773/1115/249 774/1116/249 772/1117/249
f 776/1118/250 769/1119/250 775/1120/250
f 781/1121/251 771/1122/251 775/1123/251 769/1124/251
f 777/1125/252 778/1126/252 780/1127/252 779/1128/252
f 774/1129/253 777/1130/253 779/1131/253 772/1132/253
s 1
f 763/1133/254 760/1134/254 757/1135/254 766/1136/254 762/1137/254
f 764/1138/255 761/1139/255 765/1140/255 758/1141/255 759/1142/255 768/1143/255 767/1144/255
s 0
f 776/1145/256 780/1146/256 778/1147/256 781/1148/256 769/1149/256
g Wall_cell.007_cell.001_cell.006_Wall_cell.007_cell.001_cell.005
v 1.055702 0.895290 0.134040
v 2.355449 -0.719769 0.134040
v 2.376481 -0.698636 0.134040
v 2.627042 -0.349409 -0.134040
v 2.492414 -0.484681 -0.134040
v 2.722957 -0.252511 -0.134040
v 2.984492 -0.084392 0.134040
v -0.659994 0.053629 0.134040
v -0.540378 0.121622 0.036077
v -0.331920 0.239555 -0.134040
v 1.373587 1.075928 -0.134040
v 1.679121 1.201012 0.134040
v 2.627042 -0.349409 -0.134040
v 2.492414 -0.484681 -0.134040
v 2.355449 -0.719769 0.134040
v 2.376481 -0.698636 0.134040
v 2.722957 -0.252511 -0.134040
v 2.984492 -0.084392 0.134040
v -0.659994 0.053629 0.134040
v -0.331920 0.239555 -0.134040
v 1.679121 1.201012 0.134040
v 1.373587 1.075928 -0.134040
v 1.055702 0.895290 0.134040
vn 0.6866 -0.6833 -0.2484
vn 0.6891 -0.6821 -0.2445
vn 0.4646 0.4718 -0.7494
vn -0.4388 0.8948 0.0826
vn -0.4388 0.8945 0.0851
vn -0.0000 -0.0000 1.0000
vn -0.0000 -0.0000 -1.0000
vn -0.1778 -0.6932 -0.6985
vt 0.136266 0.136266
vt 1.000000 0.136470
vt 1.000000 0.865096
vt 0.865064 0.865064
vt 0.136471 0.136471
vt 0.136207 0.000000
vt 0.863423 0.000000
vt 0.865096 0.865096
vt 1.000000 0.136577
vt 1.000000 0.863793
vt 0.321048 0.184437
vt 0.974029 0.109484
vt 0.597637 0.000000
vt 0.864164 0.000000
vt 0.967656 0.103350
vt 0.912656 0.776782
vt 0.629528 0.494045
vt 0.597637 0.597637
vt 0.863722 0.578817
vt 0.864164 0.864164
vt 0.449522 0.449522
vt 0.680149 0.680149
vt 0.681758 0.681758
vt 0.728259 0.728259
vt 0.628422 0.628422
vt 0.580742 0.580742
vt 0.700921 0.700921
vt 0.690624 0.690624
vt 0.474614 0.474614
vt 0.605054 0.605054
vt 0.708257 0.708257
vt 0.677349 0.275321
vt 0.319231 0.135313
vt 1.000000 0.136266
vt 1.000000 0.865064
vt 0.380644 0.245115
s 0
usemtl Brown.001
f 795/1150/257 794/1151/257 797/1152/257 796/1153/257
f 794/1154/258 798/1155/258 799/1156/258 797/1157/258
f 799/1158/259 798/1159/259 803/1160/259 802/1161/259
f 790/1162/260 804/1163/260 802/1164/260 803/1165/260 801/1166/260
f 790/1167/261 800/1168/261 804/1169/261
s 1
f 789/1170/262 783/1171/262 784/1172/262 788/1173/262 793/1174/262 782/1175/262
f 785/1176/263 786/1177/263 791/1178/263 792/1179/263 787/1180/263
s 0
f 790/1181/264 801/1182/264 795/1183/264 796/1184/264 800/1185/264
g Wall_cell.004_cell_cell.006_cell_Wall_cell.004_cell_cell.006_cell.008
v -1.102662 1.082628 -0.134040
v -1.229881 1.020861 -0.134040
v -1.239613 1.016041 -0.134040
v -1.291973 0.962232 -0.134040
v -1.237829 0.960053 0.054717
v -1.181226 0.963324 0.134040
v -0.984717 0.768017 0.134040
v -1.168981 0.847776 -0.003714
v -0.908431 0.841008 -0.134040
v -1.023556 1.024654 -0.134040
v -0.846455 0.802365 -0.051493
v -0.777242 0.826060 0.134040
v -0.870268 0.974101 0.134040
v -0.737053 0.733923 0.094974
v -1.040055 1.094523 -0.073581
v -1.069924 1.098442 -0.134040
v -0.708110 0.715718 0.134040
v -1.311918 0.955862 -0.049401
v -1.253474 0.884429 -0.067106
v -1.312341 0.957644 -0.055949
v -1.314831 0.968583 -0.096871
v -1.315152 0.970266 -0.103583
v -1.261865 0.907847 -0.134040
v -1.300075 0.956307 -0.131743
v -0.953289 1.073429 0.134040
v -1.181226 0.963324 0.134040
v -0.984717 0.768017 0.134040
v -0.908431 0.841008 -0.134040
v -1.023556 1.024654 -0.134040
v -1.069924 1.098442 -0.134040
v -0.777242 0.826060 0.134040
v -0.870268 0.974101 0.134040
v -0.708110 0.715718 0.134040
v -0.953289 1.073429 0.134040
v -1.102662 1.082628 -0.134040
v -1.229881 1.020861 -0.134040
v -1.239613 1.016041 -0.134040
v -1.291973 0.962232 -0.134040
v -1.300075 0.956307 -0.131743
v -1.261865 0.907847 -0.134040
vn -0.6223 -0.6261 0.4699
vn 0.7900 0.4953 -0.3613
vn 0.7905 0.4967 -0.3583
vn 0.7920 0.4962 -0.3556
vn -0.6232 -0.6261 0.4687
vn -0.7826 -0.6116 -0.1159
vn 0.7434 0.6214 -0.2475
vn -0.4196 0.8686 0.2636
vn -0.4220 0.8691 0.2580
vn -0.4311 0.8702 0.2387
vn -0.5790 0.5634 -0.5893
vn -0.0000 -0.0000 1.0000
vn -0.0012 -0.0007 -1.0000
vn -0.1769 -0.9357 -0.3051
vt 0.702723 0.575005
vt 0.391409 0.248977
vt 0.396781 0.000000
vt 0.575866 0.000000
vt 0.550366 0.318458
vt 0.231919 0.000000
vt 0.617388 0.000000
vt 0.163707 0.068839
vt 0.299148 0.000000
vt 0.863146 0.000000
vt 1.000000 0.327187
vt 1.000000 0.580898
vt 0.617388 0.617388
vt 0.231919 0.231919
vt 0.580898 0.580898
vt 0.327187 0.327187
vt 0.976456 0.326273
vt 1.000000 0.424134
vt 1.000000 0.603219
vt 0.335336 0.000000
vt 0.462285 0.000000
vt 0.827024 0.444658
vt 0.462285 0.462285
vt 0.335336 0.335336
vt 0.371216 0.334473
vt 0.595540 0.329423
vt 0.632377 0.328785
vt 0.808453 0.364437
vt 1.000000 0.700852
vt 0.623705 0.135966
vt 1.000000 0.136854
vt 0.984580 0.349831
vt 0.681703 0.330112
vt 0.450820 0.314953
vt 0.255609 0.120038
vt 0.807353 0.107219
vt 0.971962 0.107423
vt 1.000000 0.135418
vt 1.000000 0.347449
vt 0.347449 0.347449
vt 0.135418 0.135418
vt 1.000000 0.135670
vt 1.000000 0.236560
vt 0.147233 0.000000
vt 0.236950 0.000000
vt 0.236560 0.236560
vt 0.135670 0.135670
vt 0.236950 0.236950
vt 0.147233 0.147233
vt 0.209498 0.000000
vt 0.219125 0.000000
vt 0.427091 0.427091
vt 0.409658 0.409658
vt 0.424687 0.424687
vt 0.445842 0.445842
vt 0.440555 0.440555
vt 0.433440 0.433440
vt 0.400662 0.400662
vt 0.401188 0.401188
vt 0.405192 0.405192
vt 0.405936 0.405936
vt 0.415666 0.415666
vt 0.418170 0.418170
vt 0.421716 0.421716
vt 0.430521 0.430521
vt 0.403490 0.403490
vt 0.448033 0.311626
vt 0.355235 0.218772
vt 0.559976 0.092540
vt 0.685190 0.053751
vt 0.824029 0.027194
vt 0.788980 0.050355
vt 0.664271 0.118586
vt 0.487537 0.267259
s 0
usemtl Brown.001
f 831/1186/265 830/1187/265 809/1188/265 812/1189/265
f 832/1190/266 833/1191/266 815/1192/266
f 834/1193/267 819/1194/267 836/1195/267 835/1196/267 818/1197/267 815/1198/267 833/1199/267
f 818/1200/268 835/1201/268 837/1202/268
f 812/1203/269 809/1204/269 822/1205/269 823/1206/269
f 844/1207/270 823/1208/270 822/1209/270 824/1210/270 825/1211/270 826/1212/270 843/1213/270
f 819/1214/271 838/1215/271 836/1216/271
f 822/1217/272 809/1218/272 830/1219/272 838/1220/272 819/1221/272 834/1222/272 839/1223/272 824/1224/272
f 824/1225/273 839/1226/273 840/1227/273 825/1228/273
f 841/1229/274 826/1230/274 825/1231/274 840/1232/274
f 826/1233/275 841/1234/275 842/1235/275 843/1236/275
s 1
f 829/1237/276 810/1238/276 811/1239/276 821/1240/276 816/1241/276 817/1242/276
f 828/1243/277 808/1244/277 807/1245/277 806/1246/277 805/1247/277 820/1248/277 814/1249/277 813/1250/277 827/1251/277
s 0
f 837/1252/278 831/1253/278 812/1254/278 823/1255/278 844/1256/278 832/1257/278 815/1258/278 818/1259/278
g Wall_cell.004_cell_cell.006_cell.001_Wall_cell.004_cell_cell.006_cell.009
v -1.416528 0.849661 0.134040
v -1.239680 0.959236 0.054466
v -1.182813 0.962557 0.134040
v -0.987643 0.768570 0.134040
v -1.171264 0.847988 -0.003041
v -1.412861 0.884444 0.025260
v -1.313238 0.954712 -0.047713
v -1.255414 0.884194 -0.065259
v -1.182813 0.962557 0.134040
v -0.987643 0.768570 0.134040
v -1.416528 0.849661 0.134040
vn 0.6220 0.6258 -0.4706
vn -0.4896 -0.1897 -0.8511
vn -0.4196 0.8686 0.2636
vn -0.0000 -0.0000 1.0000
vn -0.1769 -0.9357 -0.3051
vn 0.6195 0.6259 -0.4737
vt 0.423926 0.000000
vt 0.601451 0.000000
vt 0.846481 0.245009
vt 0.845689 0.560573
vt 0.591751 0.474427
vt 0.334227 0.000000
vt 0.460305 0.000000
vt 0.981829 0.351668
vt 0.899343 0.467441
vt 0.652339 0.516167
vt 0.452180 0.316311
vt 0.683866 0.331589
vt 0.409536 0.409536
vt 0.391661 0.391661
vt 0.424463 0.424463
vt 0.558387 0.092385
vt 0.354253 0.217790
vt 0.210368 0.073819
vt 0.465977 0.051490
vt 0.681290 0.054166
vt 1.000000 0.398549
vt 1.000000 0.576074
vt 0.460305 0.460305
vt 0.334227 0.334227
s 0
usemtl Brown.001
f 849/1260/279 846/1261/279 853/1262/279 854/1263/279
f 850/1264/280 851/1265/280 852/1266/280
f 851/1267/281 850/1268/281 855/1269/281 853/1270/281 846/1271/281
s 1
f 847/1272/282 845/1273/282 848/1274/282
s 0
f 849/1275/283 854/1276/283 855/1277/283 850/1278/283 852/1279/283
f 846/1280/284 849/1281/284 852/1282/284 851/1283/284
g Wall_cell.004_cell_cell.006_cell.003_Wall_cell.004_cell_cell.006_cell.001
v -0.812914 1.141237 0.134040
v -0.869258 0.976301 0.134040
v -0.898238 1.152853 -0.040053
v -1.037452 1.095342 -0.072137
v -0.733560 1.067577 0.134040
v -0.951618 1.074236 0.134040
v -0.869258 0.976301 0.134040
v -0.733560 1.067577 0.134040
v -0.951618 1.074236 0.134040
v -0.812914 1.141237 0.134040
vn 0.4078 -0.6063 -0.6827
vn -0.7420 -0.6240 0.2450
vn -0.4196 0.8686 0.2636
vn 0.6543 0.7049 -0.2737
vn -0.0000 -0.0000 1.0000
vt 0.900410 0.290686
vt 0.485599 0.348953
vt 0.136393 0.000000
vt 0.696706 0.000000
vt 0.696706 0.696706
vt 0.136394 0.136394
vt 0.511034 0.136155
vt 0.135389 0.000000
vt 0.608798 0.000000
vt 0.801804 0.105599
vt 0.254178 0.118609
vt 0.864611 0.000000
vt 0.971995 0.107230
vt 0.391202 0.000000
vt 0.437827 0.437827
vt 0.427219 0.427219
vt 0.433518 0.433518
vt 0.443896 0.443896
s 0
usemtl Brown.001
f 858/1284/285 863/1285/285 862/1286/285 859/1287/285
f 859/1288/286 862/1289/286 864/1290/286
f 865/1291/287 858/1292/287 859/1293/287 864/1294/287
f 865/1295/288 863/1296/288 858/1297/288
s 1
f 856/1298/289 861/1299/289 857/1300/289 860/1301/289
g Wall_cell.004_cell_cell.006_cell.004_Wall_cell.004_cell_cell.006_cell.002
v -1.411367 0.898618 -0.019068
v -1.409791 0.910145 -0.055323
v -1.409001 0.913395 -0.065745
v -1.350789 0.919225 -0.117368
v -1.331934 0.921097 -0.134040
v -1.258868 0.890979 -0.084062
v -1.314766 0.958376 -0.062378
v -1.316826 0.967356 -0.095999
v -1.317153 0.969053 -0.102777
v -1.300413 0.953544 -0.134040
v -1.265171 0.908472 -0.134040
v -1.314006 0.954957 -0.049744
v -1.314346 0.956449 -0.055202
v -1.256806 0.885047 -0.067070
v -1.398595 0.885231 0.014578
v -1.400826 0.893682 0.013974
v -1.412774 0.885269 0.022679
v -1.300413 0.953544 -0.134040
v -1.265171 0.908472 -0.134040
v -1.331934 0.921097 -0.134040
vn 0.7825 0.6118 0.1155
vn 0.7827 0.6111 0.1183
vn 0.4901 0.1902 0.8507
vn 0.4875 0.1896 0.8523
vn -0.4196 0.8686 0.2636
vn -0.4220 0.8691 0.2580
vn -0.4311 0.8702 0.2387
vn -0.5790 0.5634 -0.5894
vn -0.5785 0.5620 -0.5911
vn -0.0000 -0.0000 -1.0000
vn -0.1769 -0.9357 -0.3052
vt 0.646762 0.354525
vt 0.771414 0.321476
vt 0.809608 0.322112
vt 1.000000 0.326216
vt 1.000000 0.446748
vt 0.710028 0.433676
vt 0.457333 0.000000
vt 0.446748 0.446748
vt 0.326216 0.326216
vt 0.329651 0.141020
vt 0.332312 0.000000
vt 0.465398 0.000000
vt 0.457333 0.457333
vt 0.332312 0.332312
vt 0.450008 0.000000
vt 1.000000 0.549992
vt 0.868105 0.499744
vt 1.000000 0.534602
vt 0.987158 0.351473
vt 1.000000 0.349476
vt 1.000000 0.447585
vt 0.905204 0.466285
vt 0.914989 0.452420
vt 1.000000 0.238929
vt 1.000000 0.349338
vt 0.447585 0.447585
vt 0.349476 0.349476
vt 0.463783 0.330032
vt 0.239327 0.000000
vt 0.348413 0.000000
vt 0.349338 0.349338
vt 0.238929 0.238929
vt 0.221328 0.000000
vt 0.279379 0.000000
vt 0.348413 0.348413
vt 0.239327 0.239327
vt 0.223619 0.209470
vt 0.276355 0.209364
vt 0.279379 0.279379
vt 0.403237 0.403237
vt 0.398131 0.398131
vt 0.400542 0.400542
vt 0.472042 0.050960
vt 0.570140 0.042391
vt 0.656198 0.035532
vt 0.680753 0.033490
vt 0.796225 0.026448
vt 0.830977 0.022602
vt 0.824357 0.026977
vt 0.720917 0.046954
vt 0.685113 0.053339
vt 0.492707 0.052078
s 0
usemtl Brown.001
f 883/1302/290 874/1303/290 873/1304/290 872/1305/290 871/1306/290 884/1307/290
f 879/1308/291 871/1309/291 872/1310/291 878/1311/291 877/1312/291
f 880/1313/292 879/1314/292 877/1315/292 881/1316/292
f 881/1317/293 882/1318/293 880/1319/293
f 877/1320/294 878/1321/294 866/1322/294 882/1323/294 881/1324/294
f 873/1325/295 867/1326/295 866/1327/295 878/1328/295 872/1329/295
f 874/1330/296 868/1331/296 867/1332/296 873/1333/296
f 883/1334/297 869/1335/297 868/1336/297 874/1337/297
f 883/1338/298 885/1339/298 869/1340/298
s 1
f 876/1341/299 870/1342/299 875/1343/299
s 0
f 882/1344/300 866/1345/300 867/1346/300 868/1347/300 869/1348/300 885/1349/300 884/1350/300 871/1351/300 879/1352/300 880/1353/300
g Wall_cell.004_cell_cell.006_cell.005_Wall_cell.004_cell_cell.006_cell.003
v -0.438503 0.723596 -0.046532
v -0.264777 0.631896 0.134040
v -0.652153 0.777652 0.134040
v -0.555058 0.901695 0.134040
v -0.483002 0.787136 0.010878
v -0.701236 0.714419 0.134040
v -0.445153 0.727098 -0.053412
v -0.455962 0.744262 -0.035041
v -0.652153 0.777652 0.134040
v -0.555058 0.901695 0.134040
v -0.701236 0.714419 0.134040
v -0.264777 0.631896 0.134040
vn -0.5474 0.4285 -0.7188
vn -0.5482 0.4255 -0.7201
vn 0.6543 0.7049 -0.2737
vn 0.6551 0.7048 -0.2723
vn -0.0000 -0.0000 1.0000
vn -0.1769 -0.9358 -0.3050
vt 0.420308 0.135612
vt 0.470079 0.470079
vt 0.135350 0.135350
vt 0.771701 0.500473
vt 0.680308 0.512608
vt 0.688945 0.006723
vt 1.000000 0.135350
vt 1.000000 0.470079
vt 1.000000 0.594314
vt 1.000000 0.625515
vt 0.976855 0.621085
vt 0.529584 0.469733
vt 0.356629 0.135591
vt 0.763953 0.136320
vt 0.625515 0.625515
vt 0.594314 0.594314
vt 0.479749 0.479749
vt 0.457548 0.457548
vt 0.450122 0.450122
vt 0.446368 0.446368
vt 0.680963 0.176792
vt 0.675006 0.185426
vt 0.596766 0.460448
vt 0.450339 0.313933
s 0
usemtl Brown.001
f 895/1354/301 890/1355/301 894/1356/301
f 893/1357/302 892/1358/302 896/1359/302 894/1360/302 890/1361/302
f 893/1362/303 886/1363/303 892/1364/303
f 890/1365/304 895/1366/304 897/1367/304 886/1368/304 893/1369/304
s 1
f 887/1370/305 889/1371/305 888/1372/305 891/1373/305
s 0
f 892/1374/306 886/1375/306 897/1376/306 896/1377/306
g Wall_cell.004_cell_cell.006_cell.006_Wall_cell.004_cell_cell.006_cell.004
v -0.944302 1.159124 -0.134040
v -0.523083 0.768134 -0.134040
v -0.712865 1.048367 0.134040
v -0.623123 0.718965 0.074776
v -0.676502 0.750426 0.134040
v -0.556985 0.903486 0.134040
v -0.458774 0.747591 -0.033191
v -0.446245 0.727673 -0.054542
v -0.705089 0.715147 0.134040
v -0.735321 0.733962 0.093851
v -0.775829 0.827422 0.134040
v -0.818324 0.894941 0.134040
v -0.798049 0.773080 0.010227
v -0.867601 0.973648 0.134040
v -1.039457 1.095787 -0.076796
v -1.067693 1.099520 -0.134040
v -0.905501 0.840454 -0.134040
v -0.900464 1.153156 -0.044594
v -0.731347 1.065523 0.134040
v -0.676502 0.750426 0.134040
v -0.556985 0.903486 0.134040
v -0.705089 0.715147 0.134040
v -0.775829 0.827422 0.134040
v -0.818324 0.894941 0.134040
v -1.067693 1.099520 -0.134040
v -0.905501 0.840454 -0.134040
v -0.867601 0.973648 0.134040
v -0.731347 1.065523 0.134040
v -0.944302 1.159124 -0.134040
v -0.523083 0.768134 -0.134040
v -0.712865 1.048367 0.134040
vn 0.5472 -0.4273 0.7197
vn 0.5401 -0.4377 0.7188
vn -0.7891 -0.4972 0.3608
vn -0.7896 -0.4970 0.3598
vn -0.7914 -0.4955 0.3581
vn -0.4082 0.6053 0.6834
vn -0.4196 0.8686 0.2636
vn 0.6543 0.7049 -0.2737
vn 0.6551 0.7048 -0.2723
vn -0.0000 -0.0000 1.0000
vn -0.0000 -0.0000 -1.0000
vn -0.1769 -0.9357 -0.3051
vt 0.828154 0.530021
vt 0.693935 0.028165
vt 1.000000 0.135073
vt 1.000000 0.296309
vt 0.845318 0.594105
vt 0.135073 0.135073
vt 0.317728 0.001825
vt 0.296309 0.296309
vt 0.581322 0.000000
vt 0.996208 0.675961
vt 0.323250 0.000000
vt 0.323251 0.323251
vt 0.136762 0.000000
vt 0.473140 0.000000
vt 0.581322 0.581322
vt 0.864630 0.501290
vt 0.473140 0.473140
vt 0.136762 0.136762
vt 0.136592 0.000000
vt 0.708676 0.000000
vt 0.864068 0.051137
vt 0.863408 0.000000
vt 0.863641 0.347081
vt 0.378893 0.287197
vt 0.291324 0.000000
vt 0.621146 0.000000
vt 0.864376 0.000000
vt 0.970052 0.105515
vt 0.814233 0.105361
vt 0.973054 0.620358
vt 0.705622 0.569178
vt 0.135624 0.000000
vt 0.378854 0.000000
vt 0.974989 0.110219
vt 1.000000 0.135194
vt 1.000000 0.589289
vt 0.135194 0.135194
vt 0.353925 0.135586
vt 0.589289 0.589289
vt 0.446133 0.446133
vt 0.448260 0.448260
vt 0.457401 0.457401
vt 0.445479 0.445479
vt 0.444065 0.444065
vt 0.433644 0.433644
vt 0.437413 0.437413
vt 0.440663 0.440663
vt 0.418341 0.418341
vt 0.427778 0.427778
vt 0.459994 0.459994
vt 0.430746 0.430746
vt 0.788689 0.050547
vt 0.750766 0.075607
vt 0.681941 0.175374
vt 0.541435 0.281515
vt 0.449047 0.312640
vt 0.489423 0.266775
vt 0.583480 0.177605
s 0
usemtl Brown.001
f 904/1378/307 918/1379/307 917/1380/307 901/1381/307 905/1382/307
f 917/1383/308 919/1384/308 901/1385/308
f 907/1386/309 919/1387/309 920/1388/309
f 920/1389/310 921/1390/310 910/1391/310 907/1392/310
f 923/1393/311 910/1394/311 921/1395/311 924/1396/311 912/1397/311 922/1398/311
f 924/1399/312 925/1400/312 915/1401/312 912/1402/312
f 915/1403/313 926/1404/313 922/1405/313 912/1406/313
f 905/1407/314 927/1408/314 926/1409/314 915/1410/314 925/1411/314 928/1412/314 904/1413/314
f 928/1414/315 918/1415/315 904/1416/315
s 1
f 906/1417/316 902/1418/316 903/1419/316 900/1420/316 916/1421/316 911/1422/316 909/1423/316 908/1424/316
f 913/1425/317 898/1426/317 899/1427/317 914/1428/317
s 0
f 923/1429/318 927/1430/318 905/1431/318 901/1432/318 919/1433/318 907/1434/318 910/1435/318
g Wall_cell.004_cell_cell.005_cell_Wall_cell.004_cell_cell.005_cell.005
v -0.846567 1.070207 -0.134040
v -0.811437 1.142516 0.134040
v -0.943182 1.159909 -0.134040
v -0.799482 1.156892 0.134040
v -0.867182 1.251294 -0.134040
v -0.675759 1.290790 -0.134040
v -0.855658 1.265070 -0.134040
v -0.725813 1.244958 0.134040
v -0.499206 1.301133 -0.030779
v -0.330941 1.188484 -0.134040
v -0.485702 1.317910 -0.134040
v -0.491601 1.310643 -0.089159
v -0.302390 1.164485 -0.134040
v -0.512179 1.285594 0.064073
v -0.634463 1.258018 0.134040
v -0.621722 0.897601 -0.041668
v -0.553351 0.798149 -0.134040
v -0.751776 1.087123 0.134040
v -0.330941 1.188484 -0.134040
v -0.485702 1.317910 -0.134040
v -0.302390 1.164485 -0.134040
v -0.553351 0.798149 -0.134040
v -0.634463 1.258018 0.134040
v -0.751776 1.087123 0.134040
v -0.846567 1.070207 -0.134040
v -0.811437 1.142516 0.134040
v -0.943182 1.159909 -0.134040
v -0.799482 1.156892 0.134040
v -0.867182 1.251294 -0.134040
v -0.675759 1.290790 -0.134040
v -0.725813 1.244958 0.134040
v -0.855658 1.265070 -0.134040
vn 0.6280 0.7509 0.2041
vn 0.6293 0.7486 0.2087
vn -0.6540 -0.7048 0.2748
vn -0.6540 -0.7044 0.2757
vn -0.7090 0.5897 0.3867
vn -0.1399 0.9802 0.1403
vn -0.7073 0.5916 0.3870
vn -0.1401 0.9800 0.1414
vn -0.0000 -0.0000 1.0000
vn -0.0000 -0.0000 -1.0000
vn 0.5231 -0.3585 0.7732
vt 0.677657 0.541418
vt 0.817698 0.559601
vt 1.000000 0.583394
vt 1.000000 0.864012
vt 1.000000 0.864092
vt 0.864012 0.864012
vt 0.583394 0.583394
vt 1.000000 0.326028
vt 0.864801 0.000000
vt 0.864564 0.395098
vt 0.613683 0.000000
vt 0.136045 0.000000
vt 0.864805 0.000000
vt 1.000000 0.135199
vt 1.000000 0.386317
vt 0.219531 0.083489
vt 0.136053 0.000000
vt 0.864854 0.000000
vt 0.864806 0.864806
vt 0.136045 0.136045
vt 0.135272 0.000000
vt 0.257400 0.000000
vt 0.255894 0.120412
vt 0.863854 0.863854
vt 0.135131 0.135131
vt 0.135146 0.000000
vt 0.863947 0.000000
vt 0.742600 0.000000
vt 0.864728 0.000000
vt 1.000000 0.135131
vt 1.000000 0.863854
vt 0.931311 0.795236
vt 0.813879 0.487734
vt 0.769580 0.185645
vt 0.451475 0.451475
vt 0.444488 0.444488
vt 0.438854 0.438854
vt 0.437940 0.437940
vt 0.442503 0.442503
vt 0.457679 0.457679
vt 0.435253 0.435253
vt 0.427864 0.427864
vt 0.433676 0.433676
vt 0.434558 0.434558
vt 0.448317 0.448317
vt 0.462853 0.462853
vt 0.474689 0.474689
vt 0.476873 0.476873
vt 0.443704 0.135980
vt 0.613624 0.079856
vt 0.864558 0.259837
vt 0.864092 0.864092
vt 0.326028 0.326028
vt 0.136088 0.019961
s 0
usemtl Brown.001
f 948/1436/319 940/1437/319 937/1438/319 947/1439/319
f 949/1440/320 947/1441/320 937/1442/320 942/1443/320
f 953/1444/321 945/1445/321 944/1446/321
f 954/1447/322 955/1448/322 953/1449/322 944/1450/322 946/1451/322
f 956/1452/323 957/1453/323 955/1454/323 954/1455/323
f 958/1456/324 940/1457/324 948/1458/324
f 959/1459/325 960/1460/325 957/1461/325 956/1462/325
f 940/1463/326 958/1464/326 960/1465/326 959/1466/326 951/1467/326 942/1468/326 937/1469/326
s 1
f 943/1470/327 936/1471/327 932/1472/327 930/1473/327 952/1474/327
f 950/1475/328 929/1476/328 931/1477/328 933/1478/328 935/1479/328 934/1480/328 939/1481/328 938/1482/328 941/1483/328
s 0
f 946/1484/329 944/1485/329 945/1486/329 949/1487/329 942/1488/329 951/1489/329
g Wall_cell.004_cell_cell.005_cell.001_Wall_cell.004_cell_cell.005_cell.006
v 0.298349 0.525423 0.134040
v 0.314051 0.537368 0.088319
v 0.389843 0.595489 -0.134040
v -0.520469 0.767640 -0.134040
v -0.304761 0.654281 0.088548
v -0.260628 0.631111 0.134040
v 0.409674 0.580020 0.134040
v 0.407245 0.602136 -0.113986
v 0.409303 0.583539 0.094174
v 0.148796 1.051393 0.134040
v 0.108698 1.123767 0.134040
v 0.407029 0.603919 -0.134040
v 0.174816 1.023050 -0.134040
v -0.442094 1.285520 0.134040
v -0.511613 1.285366 0.066213
v -0.299628 1.162383 -0.134040
v -0.749706 1.085201 0.134040
v -0.630474 1.258588 0.134040
v -0.620144 0.896390 -0.041020
v -0.551162 0.796118 -0.134040
v 0.409674 0.580020 0.134040
v 0.148796 1.051393 0.134040
v 0.407029 0.603919 -0.134040
v 0.174816 1.023050 -0.134040
v 0.108698 1.123767 0.134040
v -0.442094 1.285520 0.134040
v -0.299628 1.162383 -0.134040
v -0.749706 1.085201 0.134040
v -0.630474 1.258588 0.134040
v -0.551162 0.796118 -0.134040
v -0.520469 0.767640 -0.134040
v -0.260628 0.631111 0.134040
v 0.298349 0.525423 0.134040
v 0.389843 0.595489 -0.134040
vn 0.8744 0.4839 0.0346
vn 0.8742 0.4844 0.0336
vn -0.5223 0.3589 -0.7736
vn -0.6540 -0.7048 0.2748
vn -0.6540 -0.7044 0.2757
vn -0.1401 0.9800 0.1414
vn 0.4388 -0.8947 -0.0831
vn 0.4388 -0.8946 -0.0843
vn -0.0000 -0.0000 1.0000
vn -0.0000 -0.0000 -1.0000
vn -0.1769 -0.9358 -0.3050
vn 0.2706 0.9213 -0.2794
vt 0.189815 0.000000
vt 0.863142 0.000000
vt 0.863466 0.706414
vt 0.755188 0.592923
vt 0.927990 0.792566
vt 0.135985 0.000000
vt 0.863239 0.000000
vt 1.000000 0.136858
vt 1.000000 0.810185
vt 0.548622 0.231118
vt 0.500192 0.230563
vt 0.864882 0.399588
vt 0.864858 0.733182
vt 0.680340 0.680340
vt 0.135602 0.135602
vt 0.864538 0.439405
vt 0.259687 0.000000
vt 0.611921 0.000000
vt 0.864563 0.398047
vt 1.000000 0.388079
vt 1.000000 0.740313
vt 0.906804 0.770786
vt 0.222427 0.086385
vt 0.786663 0.650738
vt 0.814233 0.493905
vt 0.928311 0.792240
vt 0.740477 0.000000
vt 0.756383 0.000000
vt 0.864498 0.107609
vt 0.864467 0.126091
vt 1.000000 0.243617
vt 1.000000 0.259523
vt 0.386874 0.250469
vt 0.384021 0.247616
vt 0.438147 0.247262
vt 0.442661 0.442661
vt 0.480067 0.480067
vt 0.522818 0.522818
vt 0.531333 0.531333
vt 0.511380 0.511380
vt 0.508313 0.508313
vt 0.466188 0.466188
vt 0.451780 0.451780
vt 0.513370 0.513370
vt 0.531130 0.531130
vt 0.529816 0.529816
vt 0.460194 0.460194
vt 0.457846 0.457846
vt 0.477084 0.477084
vt 0.750507 0.075778
vt 0.660234 0.135431
vt 0.917529 0.657067
vt 0.785688 0.649482
vt 0.598158 0.461840
vt 0.608596 0.386743
vt 0.135985 0.135985
vt 0.135601 0.000000
vt 0.680340 0.000000
vt 0.864727 0.112743
vt 0.863238 0.863238
s 0
usemtl Brown.001
f 968/1490/330 982/1491/330 981/1492/330 969/1493/330
f 983/1494/331 984/1495/331 985/1496/331 982/1497/331 968/1498/331
f 990/1499/332 979/1500/332 988/1501/332 989/1502/332 975/1503/332 976/1504/332
f 991/1505/333 965/1506/333 979/1507/333 990/1508/333
f 979/1509/334 965/1510/334 992/1511/334 988/1512/334
f 974/1513/335 975/1514/335 989/1515/335
f 962/1516/336 969/1517/336 981/1518/336 993/1519/336
f 969/1520/337 962/1521/337 994/1522/337 983/1523/337 968/1524/337
s 1
f 977/1525/338 966/1526/338 961/1527/338 967/1528/338 970/1529/338 971/1530/338 986/1531/338 978/1532/338
f 973/1533/339 972/1534/339 963/1535/339 964/1536/339 980/1537/339 987/1538/339
s 0
f 991/1539/340 994/1540/340 962/1541/340 993/1542/340 992/1543/340 965/1544/340
f 984/1545/341 976/1546/341 975/1547/341 974/1548/341 985/1549/341
g Wall_cell.004_cell_cell.005_cell.002_Wall_cell.004_cell_cell.005_cell.001
v 0.424228 1.409374 0.134040
v 0.637329 1.439783 0.134040
v 0.686732 1.485211 -0.134040
v 0.707145 1.316293 0.134040
v 1.016080 0.902669 -0.134040
v 1.001354 0.887635 -0.051117
v 0.968104 0.853893 0.134040
v 0.969087 0.854882 0.128584
v 0.411399 0.580866 0.134040
v 0.176350 1.024478 -0.134040
v 0.226350 0.934019 -0.134040
v 0.411134 0.583061 0.109000
v 0.110739 1.124819 0.134040
v 0.411001 0.584362 0.094278
v 0.408808 0.604792 -0.134040
v 0.197015 1.376891 0.134040
v 0.194487 1.077469 -0.134040
v 0.219198 1.387271 0.084072
v 0.316890 1.432437 -0.134040
v 0.411399 0.580866 0.134040
v 0.110739 1.124819 0.134040
v 0.176350 1.024478 -0.134040
v 0.226350 0.934019 -0.134040
v 0.408808 0.604792 -0.134040
v 0.194487 1.077469 -0.134040
v 0.197015 1.376891 0.134040
v 0.316890 1.432437 -0.134040
v 0.424228 1.409374 0.134040
v 0.637329 1.439783 0.134040
v 0.686732 1.485211 -0.134040
v 1.016080 0.902669 -0.134040
v 0.707145 1.316293 0.134040
v 0.968104 0.853893 0.134040
vn -0.8747 -0.4835 -0.0331
vn -0.8741 -0.4844 -0.0350
vn -0.8922 0.3054 -0.3327
vn -0.8906 0.3071 -0.3353
vn -0.1399 0.9802 0.1403
vn 0.8457 0.4781 0.2369
vn 0.8457 0.4773 0.2388
vn -0.1401 0.9800 0.1414
vn 0.4388 -0.8947 -0.0831
vn 0.4388 -0.8946 -0.0843
vn -0.0000 -0.0000 1.0000
vn -0.0000 -0.0000 -1.0000
vt 0.135581 0.000000
vt 0.864695 0.000000
vt 1.000000 0.135403
vt 1.000000 0.796894
vt 0.949197 0.814208
vt 0.794458 0.756861
vt 0.796894 0.796894
vt 0.135403 0.135403
vt 0.756218 0.135971
vt 1.000000 0.135304
vt 1.000000 0.864419
vt 0.356081 0.220795
vt 0.278034 0.000000
vt 0.864634 0.000000
vt 0.278034 0.278034
vt 0.863844 0.193954
vt 0.864633 0.864633
vt 0.728782 0.000000
vt 0.864752 0.000000
vt 1.000000 0.135012
vt 1.000000 0.863220
vt 0.765274 0.628903
vt 0.637905 0.000000
vt 0.863156 0.226325
vt 0.863220 0.863220
vt 0.135013 0.135013
vt 0.134999 0.000000
vt 0.637905 0.637905
vt 0.134999 0.134999
vt 0.910508 0.135227
vt 0.902486 0.150039
vt 0.306097 0.170671
vt 0.135248 0.000000
vt 0.271218 0.000000
vt 0.864653 0.014898
vt 0.864498 0.107323
vt 0.796590 0.039737
vt 0.756666 0.000000
vt 0.849858 0.000000
vt 0.509309 0.147637
vt 1.000000 0.150142
vt 1.000000 0.243334
vt 0.383725 0.247321
vt 0.282906 0.146508
vt 0.531465 0.531465
vt 0.574042 0.574042
vt 0.554084 0.554084
vt 0.548744 0.548744
vt 0.532446 0.532446
vt 0.515068 0.515068
vt 0.508469 0.508469
vt 0.552522 0.552522
vt 0.577712 0.577712
vt 0.531266 0.531266
vt 0.517312 0.517312
vt 0.513488 0.513488
vt 0.514875 0.514875
vt 0.524236 0.524236
s 0
usemtl Brown.001
f 1015/1550/342 1016/1551/342 1017/1552/342 1006/1553/342 1014/1554/342
f 1008/1555/343 1006/1556/343 1017/1557/343 1018/1558/343
f 1016/1559/344 1015/1560/344 1020/1561/344 1012/1562/344 1019/1563/344
f 1012/1564/345 1021/1565/345 1019/1566/345
f 1012/1567/346 1022/1568/346 1023/1569/346 1024/1570/346 1021/1571/346
f 1000/1572/347 1025/1573/347 1024/1574/347 1023/1575/347 1026/1576/347
f 1000/1577/348 1026/1578/348 1027/1579/348 1002/1580/348
f 1020/1581/349 1022/1582/349 1012/1583/349
f 1027/1584/350 1014/1585/350 1006/1586/350 1008/1587/350 1002/1588/350
f 1000/1589/351 1002/1590/351 1008/1591/351 1018/1592/351 1025/1593/351
s 1
f 1003/1594/352 1001/1595/352 998/1596/352 996/1597/352 995/1598/352 1010/1599/352 1007/1600/352
f 997/1601/353 999/1602/353 1009/1603/353 1005/1604/353 1004/1605/353 1011/1606/353 1013/1607/353
g Wall_cell.004_cell_cell.005_cell.004_Wall_cell.004_cell_cell.005_cell.002
v 0.108463 1.125741 0.134040
v 0.314621 1.432113 -0.134040
v 0.174813 1.025476 -0.134040
v -0.437776 1.286137 0.134040
v -0.509668 1.286022 0.063597
v -0.300175 1.164955 -0.134040
v 0.217261 1.387062 0.083600
v 0.194673 1.376556 0.134040
v -0.483206 1.318266 -0.134040
v -0.489330 1.310888 -0.088605
v 0.314621 1.432113 -0.134040
v 0.174813 1.025476 -0.134040
v 0.108463 1.125741 0.134040
v -0.437776 1.286137 0.134040
v -0.300175 1.164955 -0.134040
v 0.194673 1.376556 0.134040
v -0.483206 1.318266 -0.134040
vn 0.8910 -0.3063 0.3351
vn -0.6283 -0.7501 -0.2065
vn -0.1399 0.9802 0.1403
vn -0.1401 0.9800 0.1414
vn -0.0000 -0.0000 1.0000
vn -0.0000 -0.0000 -1.0000
vn -0.2707 -0.9217 0.2777
vt 0.542791 0.136142
vt 1.000000 0.136319
vt 1.000000 0.864825
vt 0.231114 0.094359
vt 0.652632 0.272908
vt 0.617044 0.135933
vt 1.000000 0.136300
vt 1.000000 0.673631
vt 0.704997 0.259545
vt 0.727497 0.000000
vt 0.763834 0.627466
vt 0.257479 0.121994
vt 0.258906 0.000000
vt 0.811819 0.484381
vt 0.783416 0.647495
vt 0.307858 0.172430
vt 0.272503 0.000000
vt 0.741094 0.000000
vt 0.508295 0.508295
vt 0.514889 0.514889
vt 0.466518 0.466518
vt 0.463043 0.463043
vt 0.524063 0.524063
vt 0.513370 0.513370
vt 0.477042 0.477042
vt 0.880285 0.135175
vt 0.326369 0.000000
vt 0.863700 0.000000
vt 0.864825 0.864825
vt 0.136319 0.136319
s 0
usemtl Brown.001
f 1043/1608/354 1040/1609/354 1039/1610/354 1038/1611/354 1034/1612/354
f 1044/1613/355 1033/1614/355 1032/1615/355 1037/1616/355
f 1034/1617/356 1038/1618/356 1044/1619/356 1037/1620/356
f 1032/1621/357 1031/1622/357 1043/1623/357 1034/1624/357 1037/1625/357
s 1
f 1028/1626/358 1035/1627/358 1041/1628/358
f 1036/1629/359 1029/1630/359 1030/1631/359 1042/1632/359
s 0
f 1031/1633/360 1032/1634/360 1033/1635/360 1039/1636/360 1040/1637/360
g Wall_cell.004_cell.001_cell.003_cell_Wall_cell.004_cell.001_cell.003_cell.008
v 0.112271 0.926949 -0.183656
v -0.741590 0.926544 -0.184506
v -0.005414 -0.204972 -0.183744
v -0.081960 -0.204326 -0.184162
v -0.702955 0.475990 -0.184449
v 0.275687 0.926917 0.184452
v -0.987826 0.927158 0.183681
v 0.073949 -0.204564 0.183679
v -0.210081 -0.204359 0.184393
v 0.284022 0.853116 0.183603
v 0.221777 0.253392 0.183640
v -0.960429 0.619175 0.184247
v 0.289301 0.926971 0.178557
v 0.140179 -0.204807 0.114508
v 0.195275 0.565837 0.062969
v 0.170941 0.472376 0.033055
v 0.086612 0.446749 -0.134040
v 0.107375 0.646522 -0.134040
v 0.221913 0.487936 0.134040
v 0.226985 0.536737 0.134040
v 0.195142 0.479730 0.081009
v -0.500651 0.133566 0.134040
v -0.925368 0.599677 0.134040
v -0.738158 0.495566 -0.134040
v -0.635595 0.383008 -0.134040
v -0.483632 0.150709 0.039285
v -0.474235 0.160270 -0.013286
v -0.452406 0.182351 -0.134040
v -0.939602 0.757535 0.134040
v -0.741963 0.537769 -0.134040
v -0.890462 0.772956 0.057860
v -0.765468 0.811615 -0.134040
v 0.086612 0.446749 -0.134040
v 0.107375 0.646522 -0.134040
v 0.221913 0.487936 0.134040
v 0.226985 0.536737 0.134040
v -0.738158 0.495566 -0.134040
v -0.635595 0.383008 -0.134040
v -0.500651 0.133566 0.134040
v -0.925368 0.599677 0.134040
v -0.452406 0.182351 -0.134040
v -0.939602 0.757535 0.134040
v -0.741963 0.537769 -0.134040
v -0.765468 0.811615 -0.134040
vn -0.0084 -1.0000 -0.0030
vn 0.0055 -0.0005 -1.0000
vn 0.8945 -0.0930 -0.4372
vn 0.0009 0.0002 -1.0000
vn -0.0011 -1.0000 0.0011
vn -0.7163 -0.6527 -0.2467
vn -0.7153 -0.6530 -0.2487
vn -0.0007 -1.0000 0.0028
vn 0.0025 -0.0011 1.0000
vn -0.0002 -0.0000 1.0000
vn -0.0005 1.0000 -0.0020
vn 0.0001 1.0000 -0.0001
vn 0.0002 1.0000 0.0095
vn 0.3970 0.0343 0.9172
vn 0.8998 -0.0934 -0.4261
vn 0.0053 -0.0016 1.0000
vn 0.7031 -0.2269 0.6740
vn 0.0533 -0.0055 0.9986
vn -0.8310 -0.0749 -0.5512
vn -0.0006 0.0018 1.0000
vn -0.8292 -0.0712 -0.5544
vn -0.1771 -0.9360 -0.3041
vn -0.4388 0.8947 0.0831
vn -0.4388 0.8946 0.0843
vn -0.0000 -0.0000 -1.0000
vn -0.0000 -0.0000 1.0000
vn 0.8946 -0.0931 -0.4370
vt 0.000000 0.000000
vt 1.000000 0.000000
vt 1.000000 1.000000
vt 1.000000 0.401606
vt 1.000000 0.319039
vt 0.384787 0.247747
vt 0.561320 0.424237
vt 0.863278 0.000000
vt 1.000000 0.136668
vt 1.000000 0.464055
vt 0.136174 0.000000
vt 0.702347 0.565949
vt 0.893827 0.500453
vt 0.136668 0.136668
vt 0.464055 0.464055
vt 0.431614 0.136438
vt 1.000000 0.863826
vt 0.341784 0.000000
vt 0.487809 0.352421
vt 1.000000 0.136722
vt 0.863068 0.000000
vt 0.863068 0.863068
vt 0.862974 0.255269
vt 0.341784 0.341784
vt 0.514547 0.341003
vt 0.518801 0.383012
vt 0.911133 0.774715
vt 0.854363 0.584023
vt 0.712421 0.136474
vt 0.437077 0.136422
vt 0.864445 0.138782
vt 0.720621 0.000000
vt 0.607277 0.000000
vt 0.864244 0.258742
vt 1.000000 0.279379
vt 0.874503 0.284157
vt 0.437216 0.300808
vt 0.526703 0.390290
vt 0.856458 0.391997
vt 1.000000 0.392723
vt 0.429226 0.429226
vt 0.428138 0.428138
vt 0.517360 0.517360
vt 0.516972 0.516972
vt 0.461709 0.461709
vt 0.443253 0.443253
vt 0.443544 0.443544
vt 0.451388 0.451388
vt 0.465399 0.465399
vt 0.506624 0.506624
vt 0.508212 0.508212
vt 0.441456 0.441456
vt 0.401606 0.401606
vt 0.478786 0.272144
vt 0.564026 0.128977
vt 0.492252 0.127984
vt 0.319039 0.319039
s 0
usemtl Brown.001
f 1053/1638/361 1048/1639/361 1047/1640/361
f 1048/1638/362 1045/1639/362 1047/1640/362
f 1060/1641/363 1047/1640/363 1045/1638/363 1057/1639/363 1059/1642/363 1078/1643/363 1077/1644/363
f 1046/1638/364 1045/1639/364 1048/1640/364 1049/1638/364
f 1058/1638/365 1053/1639/365 1047/1640/365
f 1081/1645/366 1049/1639/366 1082/1646/366
f 1071/1647/366 1053/1640/366 1056/1638/366 1084/1648/366 1083/1649/366 1070/1650/366
f 1082/1651/367 1049/1638/367 1048/1639/367 1053/1640/367 1071/1652/367 1085/1653/367
f 1058/1638/368 1052/1639/368 1053/1640/368
f 1052/1638/369 1050/1639/369 1053/1640/369
f 1050/1638/370 1056/1639/370 1053/1640/370
f 1046/1638/371 1051/1639/371 1045/1640/371
f 1051/1638/372 1057/1639/372 1045/1640/372
f 1051/1638/373 1050/1639/373 1057/1640/373
f 1050/1638/374 1054/1639/374 1057/1640/374
f 1054/1638/375 1055/1639/375 1057/1640/375
f 1050/1638/376 1052/1639/376 1055/1640/376
f 1055/1640/377 1052/1638/377 1058/1639/377
f 1054/1638/378 1050/1639/378 1055/1640/378
f 1084/1654/379 1056/1640/379 1051/1638/379 1075/1655/379 1086/1656/379
f 1049/1639/379 1081/1657/379 1087/1658/379
f 1050/1638/380 1051/1639/380 1056/1640/380
f 1051/1638/381 1046/1639/381 1049/1640/381 1087/1659/381 1088/1660/381 1075/1661/381
f 1059/1662/382 1080/1663/382 1086/1664/382 1075/1665/382 1088/1666/382 1078/1667/382
f 1079/1668/383 1065/1669/383 1070/1670/383 1083/1671/383
f 1065/1672/384 1060/1673/384 1077/1674/384 1085/1675/384 1071/1676/384 1070/1677/384
s 1
f 1067/1678/385 1073/1679/385 1064/1680/385 1063/1681/385 1066/1682/385
f 1074/1683/386 1068/1684/386 1069/1685/386 1072/1686/386 1061/1687/386 1062/1688/386 1076/1689/386
s 0
f 1055/1638/387 1058/1639/387 1047/1640/387 1060/1690/387 1065/1691/387 1079/1692/387 1080/1693/387 1059/1694/387 1057/1638/387
g Wall_cell.004_cell.001_cell.003_cell.002_Wall_cell.004_cell.001_cell.003_cell.001
v -1.184556 -0.204530 -0.184448
v -1.184417 -0.151249 -0.184377
v -1.184713 -0.204384 0.184304
v -1.184163 0.284591 0.184116
v -0.084745 -0.204473 -0.184407
v -1.099805 -0.154219 0.068754
v -0.810565 0.442027 -0.184276
v -1.088295 -0.154634 0.134040
v -0.704354 0.475269 -0.183657
v -0.212589 -0.204516 0.183832
v -0.977094 0.613259 0.184004
v -0.962456 0.617130 0.184033
v -1.111490 -0.153631 0.000690
v -1.114543 -0.153453 -0.017097
v -1.134321 -0.152140 -0.134040
v -1.075939 0.397264 0.134040
v -1.078865 0.376184 0.120133
v -1.114911 0.112510 -0.054567
v -0.954502 0.590029 0.134040
v -1.131060 -0.007075 -0.134040
v -0.833281 0.465384 -0.134040
v -0.940030 0.594507 0.134040
v -0.741161 0.493891 -0.134040
v -0.453986 0.181576 -0.134040
v -0.637958 0.383487 -0.134040
v -0.475874 0.159432 -0.012917
v -0.502748 0.132538 0.134040
v -0.927363 0.597841 0.134040
v -0.485371 0.149866 0.039178
v -0.637958 0.383487 -0.134040
v -0.741161 0.493891 -0.134040
v -1.075939 0.397264 0.134040
v -0.954502 0.590029 0.134040
v -1.131060 -0.007075 -0.134040
v -0.833281 0.465384 -0.134040
v -0.940030 0.594507 0.134040
v -0.453986 0.181576 -0.134040
v -0.502748 0.132538 0.134040
v -0.927363 0.597841 0.134040
v -1.088295 -0.154634 0.134040
v -1.134321 -0.152140 -0.134040
vn -1.0000 0.0011 -0.0004
vn -1.0000 0.0026 -0.0024
vn -0.0019 0.0013 -1.0000
vn -0.0000 0.0002 -1.0000
vn -0.7159 0.4510 -0.5331
vn -0.0026 0.0019 1.0000
vn 0.0004 0.0002 1.0000
vn 0.0043 0.0050 -1.0000
vn -0.2560 0.8271 -0.5003
vn 0.7160 0.6524 0.2486
vn 0.7152 0.6526 0.2502
vn 0.7024 0.6566 0.2746
vn -0.2229 0.8467 -0.4831
vn 0.9845 -0.0220 -0.1737
vn 0.9853 -0.0225 -0.1693
vn 0.9857 -0.0222 -0.1670
vn -0.4388 0.8947 0.0831
vn -0.4388 0.8946 0.0843
vn -0.0000 -0.0000 -1.0000
vn -0.0000 -0.0000 1.0000
vn -0.0000 -1.0000 0.0001
vt 0.000000 0.000000
vt 1.000000 0.000000
vt 1.000000 1.000000
vt 0.135667 0.000000
vt 0.477189 0.341455
vt 0.491272 0.317792
vt 0.664768 0.017142
vt 0.863374 0.796420
vt 0.863593 0.000000
vt 0.135667 0.135667
vt 0.135896 0.000000
vt 0.865047 0.000000
vt 0.863593 0.863593
vt 0.464613 0.000000
vt 0.135016 0.000000
vt 0.432056 0.296435
vt 0.864034 0.000000
vt 0.464613 0.464613
vt 0.606314 0.500720
vt 0.864344 0.566360
vt 0.134942 0.000000
vt 0.135016 0.135016
vt 0.864034 0.864034
vt 0.864104 0.000000
vt 0.414018 0.081828
vt 0.783705 0.450504
vt 0.767142 0.000000
vt 0.424670 0.000000
vt 0.767142 0.767142
vt 0.951764 0.766822
vt 1.000000 0.766723
vt 1.000000 0.595050
vt 0.424670 0.424670
vt 0.595050 0.595050
vt 0.766723 0.766723
vt 0.802458 0.230842
vt 0.702419 0.230860
vt 0.864081 0.356304
vt 0.864244 0.259091
vt 0.606986 0.000000
vt 0.502435 0.000000
vt 0.687025 0.181889
vt 1.000000 0.497565
vt 1.000000 0.393013
vt 0.857727 0.392263
vt 0.526966 0.390552
vt 0.639914 0.503494
vt 0.952469 0.498354
vt 0.417710 0.417710
vt 0.426998 0.426998
vt 0.428105 0.428105
vt 0.429074 0.429074
vt 0.461549 0.461549
vt 0.416765 0.416765
vt 0.443315 0.443315
vt 0.436269 0.436269
vt 0.413494 0.413494
vt 0.413245 0.413245
vt 0.465278 0.465278
vt 0.451208 0.451208
s 0
usemtl Brown.001
f 1091/1695/388 1092/1696/388 1089/1697/388
f 1092/1695/389 1090/1696/389 1089/1697/389
f 1090/1695/390 1095/1696/390 1089/1697/390
f 1095/1695/391 1093/1696/391 1089/1697/391
f 1095/1696/392 1090/1696/392 1092/1697/392 1099/1695/392 1121/1698/392 1120/1699/392 1105/1700/392 1106/1701/392 1122/1702/392 1123/1703/392
f 1100/1695/393 1099/1696/393 1092/1697/393
f 1100/1695/394 1092/1696/394 1091/1697/394 1098/1695/394
f 1097/1695/395 1093/1696/395 1095/1697/395
f 1121/1704/396 1099/1695/396 1124/1705/396
f 1119/1706/396 1097/1696/396 1095/1697/396 1123/1707/396
f 1114/1708/397 1098/1696/397 1093/1697/397 1097/1695/397 1118/1709/397 1125/1710/397
f 1127/1711/398 1100/1696/398 1098/1697/398 1114/1712/398 1117/1713/398 1126/1714/398
f 1119/1715/399 1118/1716/399 1097/1695/399
f 1099/1696/400 1100/1697/400 1127/1717/400 1124/1718/400
f 1120/1719/401 1128/1720/401 1094/1721/401 1105/1722/401
f 1094/1723/402 1101/1724/402 1102/1725/402 1106/1726/402 1105/1727/402
f 1106/1728/403 1102/1729/403 1129/1730/403 1122/1731/403
f 1128/1732/404 1126/1733/404 1117/1734/404 1101/1735/404 1094/1736/404
f 1101/1737/405 1117/1738/405 1114/1739/405 1125/1740/405 1129/1741/405 1102/1742/405
s 1
f 1104/1743/406 1107/1744/406 1110/1745/406 1116/1746/406 1115/1747/406 1096/1748/406
f 1111/1749/407 1109/1750/407 1108/1751/407 1103/1752/407 1112/1753/407 1113/1754/407
s 0
f 1098/1695/408 1091/1696/408 1089/1697/408 1093/1695/408
g Wall_cell.004_cell.001_cell.003_cell.003_Wall_cell.004_cell.001_cell.003_cell.002
v -1.184806 0.927078 0.183693
v -1.184432 0.846311 0.184303
v -1.184526 0.927401 0.030970
v -1.112643 0.927293 0.184160
vn -0.0030 1.0000 0.0021
vn 0.7057 -0.6262 -0.3316
vn -1.0000 -0.0046 -0.0018
vn -0.0065 0.0075 1.0000
vt 0.000000 0.000000
vt 1.000000 0.000000
vt 1.000000 1.000000
s 0
usemtl Brown.001
f 1130/1755/409 1133/1756/409 1132/1757/409
f 1133/1755/410 1131/1756/410 1132/1757/410
f 1131/1755/411 1130/1756/411 1132/1757/411
f 1131/1755/412 1133/1756/412 1130/1757/412
g Wall_cell.004_cell.001_cell.003_cell.005_Wall_cell.004_cell.001_cell.003_cell.003
v -1.184520 -0.146476 -0.184068
v -1.184206 0.416036 -0.184194
v -1.184339 0.288206 0.184092
v -1.184729 0.598347 0.184160
v -1.073197 0.519758 0.134040
v -0.813738 0.441730 -0.183631
v -0.980803 0.612770 0.184255
v -1.075842 0.401620 0.134040
v -0.957999 0.589424 0.134040
v -0.836259 0.464786 -0.134040
v -0.863717 0.421025 -0.134040
v -1.085760 0.329042 0.086279
v -1.078669 0.381156 0.120614
v -1.114916 0.116055 -0.055067
v -1.130958 -0.002553 -0.134040
v -1.103278 0.494310 -0.037600
v -1.115393 0.460725 -0.103626
v -1.120892 0.445260 -0.134040
v -1.008524 0.585958 0.134040
v -1.071788 0.581498 0.134040
v -1.075842 0.401620 0.134040
v -0.957999 0.589424 0.134040
v -0.836259 0.464786 -0.134040
v -0.863717 0.421025 -0.134040
v -1.130958 -0.002553 -0.134040
v -1.008524 0.585958 0.134040
v -1.120892 0.445260 -0.134040
v -1.071788 0.581498 0.134040
v -1.073197 0.519758 0.134040
vn 0.7161 -0.4493 0.5341
vn 0.7157 -0.4516 0.5328
vn 0.0015 -0.0002 -1.0000
vn -0.0613 0.8941 -0.4436
vn -0.0630 0.8944 -0.4428
vn -0.0005 -0.0002 1.0000
vn -1.0000 -0.0013 0.0020
vn -1.0000 0.0006 -0.0017
vn 0.9845 -0.0220 -0.1737
vn 0.9853 -0.0225 -0.1693
vn 0.9857 -0.0222 -0.1670
vn -0.0000 -0.0000 -1.0000
vn -0.0000 -0.0000 1.0000
vt 0.136496 0.136496
vt 0.000000 0.000000
vt 1.000000 0.000000
vt 1.000000 0.265997
vt 0.795312 0.172715
vt 0.715007 0.136240
vt 0.865199 0.865199
vt 1.000000 0.865140
vt 1.000000 1.000000
vt 0.265997 0.265997
vt 0.865140 0.865140
vt 0.864285 0.144389
vt 0.649828 0.187551
vt 0.863712 0.000000
vt 1.000000 0.136496
vt 1.000000 0.865199
vt 0.397868 0.000000
vt 0.284310 0.065743
vt 0.232221 0.096246
vt 0.863712 0.863712
vt 0.863793 0.553484
vt 0.397868 0.397868
vt 0.421459 0.000000
vt 0.331966 0.000000
vt 0.411101 0.078918
vt 0.308344 0.292107
vt 0.331966 0.331966
vt 0.421459 0.421459
vt 0.534646 0.455134
vt 1.000000 0.592762
vt 1.000000 0.370286
vt 0.807838 0.348546
vt 0.370286 0.370286
vt 0.592762 0.592762
vt 0.699300 0.230860
vt 0.390480 0.230916
vt 0.422866 0.422866
vt 0.426730 0.426730
vt 0.417718 0.417718
vt 0.417920 0.417920
vt 0.418028 0.418028
vt 0.414272 0.414272
vt 0.413502 0.413502
vt 0.433941 0.433941
vt 0.436041 0.436041
s 0
usemtl Brown.001
f 1155/1758/413 1140/1759/413 1136/1760/413 1145/1761/413 1146/1762/413 1154/1763/413
f 1156/1764/413 1157/1765/413 1139/1766/413
f 1145/1767/414 1136/1759/414 1134/1760/414 1139/1766/414 1157/1768/414 1158/1769/414 1147/1770/414
f 1134/1759/415 1135/1760/415 1139/1766/415
f 1159/1771/416 1140/1760/416 1155/1772/416
f 1156/1773/416 1139/1766/416 1135/1759/416 1149/1774/416 1150/1775/416 1160/1776/416
f 1135/1759/417 1137/1760/417 1140/1766/417 1159/1777/417 1161/1778/417 1149/1779/417
f 1137/1759/418 1136/1760/418 1140/1766/418
f 1137/1759/419 1134/1760/419 1136/1766/419
f 1137/1759/420 1135/1760/420 1134/1766/420
f 1146/1780/421 1162/1781/421 1154/1782/421
f 1161/1783/422 1162/1784/422 1146/1785/422 1145/1786/422 1147/1787/422 1150/1788/422 1149/1789/422
f 1150/1790/423 1147/1791/423 1158/1792/423 1160/1793/423
s 1
f 1152/1794/424 1142/1795/424 1141/1796/424 1138/1797/424 1153/1798/424
f 1151/1799/425 1148/1800/425 1144/1801/425 1143/1802/425
g Wall_cell.004_cell.001_cell.003_cell.006_Wall_cell.004_cell.001_cell.003_cell.004
v -1.184195 0.926828 -0.183646
v -1.184526 0.418514 -0.184514
v -1.184253 0.600432 0.183885
v -1.184158 0.842849 0.184346
v -1.184193 0.927296 0.024934
v -0.744910 0.927334 -0.183846
v -0.811775 0.443866 -0.184077
v -0.705469 0.477027 -0.184507
v -1.109592 0.927139 0.183600
v -0.990211 0.927166 0.184422
v -1.067217 0.781689 0.134040
v -0.978811 0.615326 0.183987
v -0.963495 0.619565 0.183989
v -1.111117 0.876993 -0.134040
v -1.115692 0.676599 -0.134040
v -0.942906 0.595721 0.134040
v -0.928520 0.600244 0.134040
v -0.740807 0.496548 -0.134040
v -0.892862 0.773270 0.058291
v -0.768108 0.812115 -0.134040
v -0.942074 0.758003 0.134040
v -0.956143 0.592058 0.134040
v -0.834482 0.467175 -0.134040
v -1.071737 0.583706 0.134040
v -1.081263 0.557141 0.082144
v -0.862425 0.465156 -0.134040
v -1.115396 0.462959 -0.103941
v -1.120837 0.447730 -0.134040
v -0.942906 0.595721 0.134040
v -0.928520 0.600244 0.134040
v -0.834482 0.467175 -0.134040
v -0.740807 0.496548 -0.134040
v -0.768108 0.812115 -0.134040
v -0.942074 0.758003 0.134040
v -0.956143 0.592058 0.134040
v -0.862425 0.465156 -0.134040
v -1.071737 0.583706 0.134040
v -1.120837 0.447730 -0.134040
v -1.067217 0.781689 0.134040
v -1.111117 0.876993 -0.134040
v -1.115692 0.676599 -0.134040
vn 0.2596 -0.8256 0.5011
vn 0.2592 -0.8254 0.5015
vn 0.0026 -0.0214 -0.9998
vn 0.0001 1.0000 0.0007
vn 0.8300 0.0717 0.5531
vn 0.2317 -0.8373 0.4952
vn -0.0006 0.0018 1.0000
vn 0.0645 -0.8931 0.4453
vn 0.0604 -0.8950 0.4419
vn -1.0000 0.0005 0.0003
vn -0.0003 0.0016 -1.0000
vn -0.0012 1.0000 -0.0022
vn -0.0000 -0.0016 1.0000
vn -0.0069 0.0149 0.9999
vn -0.7050 0.6266 0.3321
vn -0.1771 -0.9361 -0.3038
vn 0.9853 -0.0225 -0.1693
vn 0.9857 -0.0222 -0.1670
vn -0.0000 -0.0000 -1.0000
vn -0.0000 -0.0000 1.0000
vt 0.135707 0.000000
vt 0.135549 0.135549
vt 0.000000 0.000000
vt 1.000000 0.000000
vt 1.000000 1.000000
vt 0.863046 0.863046
vt 0.864056 0.000000
vt 1.000000 0.135549
vt 0.486852 0.136150
vt 1.000000 0.341884
vt 0.391519 0.255817
vt 1.000000 0.863046
vt 0.135702 0.000000
vt 1.000000 0.864293
vt 0.864055 0.864055
vt 1.000000 0.864017
vt 0.698078 0.135546
vt 0.135703 0.135703
vt 1.000000 0.276498
vt 0.276498 0.276498
vt 0.864017 0.864017
vt 0.863193 0.170762
vt 0.781508 0.185297
vt 0.954051 0.817564
vt 0.821458 0.136495
vt 0.713254 0.136474
vt 0.855384 0.585605
vt 0.911965 0.775545
vt 1.000000 0.368844
vt 1.000000 0.230944
vt 0.923326 0.101570
vt 0.231747 0.162864
vt 0.307498 0.290681
vt 0.458600 0.307877
vt 0.388776 0.230916
vt 0.230944 0.230944
vt 0.368844 0.368844
vt 0.427948 0.427948
vt 0.428985 0.428985
vt 0.427885 0.427885
vt 0.426872 0.426872
vt 0.418032 0.418032
vt 0.418377 0.418377
vt 0.434040 0.434040
vt 0.436336 0.436336
vt 0.443342 0.443342
vt 0.441254 0.441254
vt 0.415020 0.415020
vt 0.414670 0.414670
vt 0.414276 0.414276
s 0
usemtl Brown.001
f 1191/1803/426 1192/1804/426 1175/1805/426
f 1169/1806/427 1170/1807/427 1194/1808/427 1193/1809/427
f 1169/1805/428 1164/1806/428 1170/1807/428
f 1167/1805/429 1171/1806/429 1172/1806/429 1168/1807/429
f 1172/1805/430 1175/1806/430 1192/1810/430 1196/1811/430 1181/1812/430 1195/1813/430 1194/1814/430 1170/1807/430 1168/1805/430
f 1197/1815/431 1191/1816/431 1175/1807/431 1174/1805/431
f 1165/1805/432 1174/1806/432 1175/1807/432
f 1193/1817/433 1198/1818/433 1169/1807/433
f 1199/1819/433 1197/1820/433 1174/1805/433 1165/1806/433 1187/1821/433
f 1187/1822/434 1165/1805/434 1164/1806/434 1169/1807/434 1198/1823/434 1200/1824/434 1189/1825/434
f 1166/1805/435 1167/1805/435 1163/1806/435 1164/1807/435 1165/1805/435
f 1163/1805/436 1168/1806/436 1170/1807/436 1164/1807/436
f 1163/1805/437 1167/1806/437 1168/1807/437
f 1166/1805/438 1165/1806/438 1175/1807/438 1172/1805/438
f 1171/1805/439 1166/1806/439 1172/1807/439
f 1171/1805/440 1167/1806/440 1166/1807/440
f 1201/1826/441 1202/1827/441 1195/1828/441 1181/1829/441 1196/1830/441
f 1189/1831/442 1203/1832/442 1202/1833/442 1201/1834/442 1199/1835/442 1187/1836/442
f 1200/1837/443 1203/1838/443 1189/1839/443
s 1
f 1183/1840/444 1179/1841/444 1178/1842/444 1184/1843/444 1186/1844/444 1173/1845/444
f 1188/1846/445 1185/1847/445 1180/1848/445 1182/1849/445 1176/1850/445 1177/1851/445 1190/1852/445
g Wall_cell.004_cell.001_cell.003_cell.007_Wall_cell.004_cell.001_cell.003_cell.005
v 0.295123 0.523841 0.134040
v 0.358143 0.572107 -0.050876
v 0.310842 0.535813 0.088122
v 0.356361 0.599428 -0.134040
v 0.383115 0.591298 -0.124582
v 0.376228 0.588811 -0.134040
v 0.223578 0.488753 0.134040
v 0.228519 0.536447 0.134040
v 0.197066 0.480662 0.081128
v 0.089337 0.448086 -0.134040
v 0.109864 0.646051 -0.134040
v 0.223578 0.488753 0.134040
v 0.228519 0.536447 0.134040
v 0.089337 0.448086 -0.134040
v 0.109864 0.646051 -0.134040
v 0.295123 0.523841 0.134040
v 0.356361 0.599428 -0.134040
v 0.376228 0.588811 -0.134040
vn 0.1769 0.9360 0.3043
vn 0.4388 -0.8947 -0.0831
vn 0.4388 -0.8946 -0.0843
vn -0.0000 -0.0000 1.0000
vn -0.0000 -0.0000 -1.0000
vn 0.4086 0.7645 -0.4986
vn -0.8959 0.0929 0.4345
vt 0.518285 0.382498
vt 0.495885 0.360134
vt 0.621044 0.360554
vt 0.361920 0.361920
vt 0.350542 0.162054
vt 0.358532 0.136408
vt 0.436292 0.136422
vt 0.720942 0.000000
vt 0.739941 0.000000
vt 0.864466 0.126627
vt 0.864446 0.138505
vt 0.389134 0.252730
vt 0.413536 0.251436
vt 0.616745 0.254412
vt 1.000000 0.260059
vt 1.000000 0.279057
vt 0.436764 0.300356
vt 0.517100 0.517100
vt 0.522572 0.522572
vt 0.517478 0.517478
vt 0.527255 0.527255
vt 0.528775 0.528775
vt 0.506833 0.506833
vt 0.508403 0.508403
vt 0.880624 0.864670
vt 0.987611 0.852295
vt 0.894304 0.838906
vt 0.495079 0.366612
vt 0.752065 0.614897
vt 0.577084 0.439645
vt 0.478987 0.206997
vt 0.565800 0.436346
s 0
usemtl Brown.001
f 1211/1853/446 1219/1854/446 1206/1855/446 1205/1856/446 1208/1857/446 1220/1858/446 1218/1859/446
f 1212/1860/447 1206/1861/447 1219/1862/447 1210/1863/447
f 1221/1864/448 1208/1865/448 1205/1866/448 1206/1867/448 1212/1868/448 1213/1869/448
s 1
f 1215/1870/449 1204/1871/449 1216/1872/449
f 1207/1873/450 1209/1874/450 1217/1875/450 1214/1876/450
s 0
f 1221/1877/451 1220/1878/451 1208/1879/451
f 1211/1880/452 1218/1881/452 1213/1882/452 1212/1883/452 1210/1884/452
g Wall_cell.004_cell.001_cell_cell_Wall_cell.004_cell.001_cell_cell.004
v 0.382107 0.591625 -0.128367
v 0.383026 0.592146 -0.134040
l 1222 1223
g Wall_cell.004_cell.001_cell_cell.001_Wall_cell.004_cell.001_cell_cell.005
v 0.379892 0.592909 -0.128209
g Wall_cell.004_cell.001_cell_cell.002_Wall_cell.004_cell.001_cell_cell.001
v 0.366930 0.596959 -0.132593
v 0.372135 0.593756 -0.133248
l 1225 1226
g Wall_cell.004_cell.001_cell_cell.003_Wall_cell.004_cell.001_cell_cell.002
v 0.378421 0.589886 -0.134040
v 0.376306 0.594313 -0.129903
l 1228 1227
